ds,high,low,close
2009-01-04,635.489990234375,625.9500122070312,629.3599853515625
2009-01-11,649.8099975585938,611.9099731445312,629.010009765625
2009-01-18,634.4400024414062,598.22998046875,600.0499877929688
2009-01-25,624.6900024414062,593.0999755859375,595.5999755859375
2009-02-01,616.2999877929688,591.760009765625,602.280029296875
2009-02-08,615.7000122070312,596.260009765625,599.2100219726562
2009-02-15,607.6900024414062,576.1900024414062,578.5399780273438
2009-02-22,609.219970703125,570.9099731445312,591.9000244140625
2009-03-01,615.9500122070312,576.6599731445312,589.6400146484375
2009-03-08,603.5599975585938,587.97998046875,600.1199951171875
2009-03-15,602.7899780273438,579.3499755859375,579.6400146484375
2009-03-22,585.6099853515625,552.010009765625,573.969970703125
2009-03-29,579.9500122070312,560.8400268554688,566.1799926757812
2009-04-05,578.9600219726562,555.280029296875,563.510009765625
2009-04-12,583.0,559.8200073242188,574.0700073242188
2009-04-19,575.7100219726562,564.2899780273438,568.260009765625
2009-04-26,576.1199951171875,562.5,574.4299926757812
2009-05-03,593.2899780273438,572.1799926757812,574.760009765625
2009-05-10,575.6699829101562,542.9000244140625,543.280029296875
2009-05-17,564.4000244140625,542.0900268554688,552.4299926757812
2009-05-24,555.5599975585938,537.6300048828125,549.4299926757812
2009-05-31,562.3300170898438,545.8200073242188,553.0900268554688
2009-06-07,564.760009765625,549.5900268554688,563.3300170898438
2009-06-14,569.989990234375,548.3599853515625,553.3900146484375
2009-06-21,559.719970703125,525.8800048828125,528.25
2009-06-28,532.3699951171875,514.25,520.239990234375
2009-07-05,534.9099731445312,516.239990234375,534.9099731445312
2009-07-12,541.4600219726562,523.6599731445312,535.7000122070312
2009-07-19,541.4400024414062,525.3099975585938,526.9000244140625
2009-07-26,526.0599975585938,521.5499877929688,525.8099975585938
2009-08-02,539.75,527.25,527.280029296875
2009-08-09,538.5999755859375,526.2999877929688,538.5999755859375
2009-08-16,539.4299926757812,535.5,537.52001953125
2009-08-23,549.0800170898438,538.7100219726562,538.8200073242188
2009-08-30,541.489990234375,534.1199951171875,539.2999877929688
2009-09-06,552.3699951171875,539.6900024414062,542.2000122070312
2009-09-13,544.469970703125,540.6500244140625,544.469970703125
2009-09-20,541.760009765625,535.3599853515625,535.7999877929688
2009-09-27,538.4000244140625,532.6199951171875,532.6199951171875
2009-10-04,543.75,533.9600219726562,543.3400268554688
2009-10-11,547.739990234375,541.5700073242188,541.5700073242188
2009-10-18,545.27001953125,537.6400146484375,537.6400146484375
2009-10-25,537.47998046875,527.97998046875,527.97998046875
2009-11-01,530.010009765625,517.2999877929688,524.9000244140625
2009-11-08,525.6599731445312,511.6499938964844,513.77001953125
2009-11-15,513.5700073242188,494.80999755859375,495.67999267578125
2009-11-22,497.79998779296875,481.1099853515625,493.9599914550781
2009-11-29,493.70001220703125,475.55999755859375,487.44000244140625
2009-12-06,499.510009765625,480.1499938964844,498.44000244140625
2009-12-13,501.6600036621094,482.9200134277344,488.0899963378906
2009-12-20,496.0799865722656,485.8800048828125,491.2900085449219
2009-12-27,499.8800048828125,490.8699951171875,496.82000732421875
2010-01-03,503.4599914550781,493.0799865722656,497.8599853515625
2010-01-10,502.3800048828125,477.25,478.19000244140625
2010-01-17,487.9100036621094,473.7300109863281,483.5899963378906
2010-01-24,493.5799865722656,478.4800109863281,491.8900146484375
2010-01-31,524.5800170898438,490.0,515.239990234375
2010-02-07,543.3800048828125,512.2999877929688,539.1799926757812
2010-02-14,541.3300170898438,519.4199829101562,519.6900024414062
2010-02-21,526.25,512.239990234375,520.0499877929688
2010-02-28,527.9000244140625,513.72998046875,515.6400146484375
2010-03-07,519.2000122070312,501.69000244140625,501.7699890136719
2010-03-14,510.7200012207031,497.0199890136719,506.0400085449219
2010-03-21,520.3499755859375,503.7699890136719,517.4299926757812
2010-03-28,531.219970703125,517.0700073242188,520.52001953125
2010-04-04,525.4000244140625,510.80999755859375,514.1699829101562
2010-04-11,517.97998046875,502.1700134277344,502.1700134277344
2010-04-18,511.95001220703125,495.25,511.0299987792969
2010-04-25,521.1500244140625,507.2099914550781,507.7099914550781
2010-05-02,516.510009765625,507.20001220703125,509.4599914550781
2010-05-09,525.6500244140625,506.4800109863281,519.1799926757812
2010-05-16,535.469970703125,506.1199951171875,523.3200073242188
2010-05-23,542.6400146484375,519.5900268554688,529.6500244140625
2010-05-30,542.5700073242188,517.6799926757812,523.77001953125
2010-06-06,534.4199829101562,509.92999267578125,533.8599853515625
2010-06-13,537.9500122070312,523.4000244140625,525.1699829101562
2010-06-20,528.6199951171875,516.9099731445312,518.3300170898438
2010-06-27,529.3599853515625,515.22998046875,522.2899780273438
2010-07-04,537.75,521.0499877929688,526.9199829101562
2010-07-11,528.9600219726562,521.3800048828125,526.9400024414062
2010-07-18,530.6400146484375,514.77001953125,520.3300170898438
2010-07-25,526.6099853515625,508.30999755859375,509.57000732421875
2010-08-01,516.9500122070312,504.8999938964844,511.3699951171875
2010-08-08,510.67999267578125,497.82000732421875,507.5400085449219
2010-08-15,509.1600036621094,497.69000244140625,500.80999755859375
2010-08-22,501.20001220703125,489.1199951171875,492.6099853515625
2010-08-29,496.94000244140625,489.3900146484375,495.45001220703125
2010-09-05,493.5,484.6600036621094,485.70001220703125
2010-09-12,498.0,483.67999267578125,485.7300109863281
2010-09-19,496.8999938964844,482.2699890136719,496.0
2010-09-26,497.70001220703125,478.3800048828125,488.54998779296875
2010-10-03,484.8999938964844,473.1700134277344,475.3699951171875
2010-10-10,484.29998779296875,470.7699890136719,483.20001220703125
2010-10-17,481.79998779296875,465.67999267578125,468.07000732421875
2010-10-24,486.5799865722656,468.79998779296875,485.29998779296875
2010-10-31,490.70001220703125,457.6300048828125,489.20001220703125
2010-11-07,486.6499938964844,471.20001220703125,479.5
2010-11-14,480.1000061035156,467.5,480.0
2010-11-21,483.6000061035156,468.82000732421875,480.25
2010-11-28,478.8999938964844,468.6700134277344,472.4200134277344
2010-12-05,477.1099853515625,472.3299865722656,484.0
2010-12-12,476.0,464.0,475.79998779296875
2010-12-19,473.8999938964844,460.80999755859375,473.1000061035156
2010-12-26,459.9100036621094,457.760009765625,469.29998779296875
2011-01-02,459.239990234375,456.69000244140625,467.70001220703125
2011-01-09,493.70001220703125,454.6099853515625,495.1000061035156
2011-01-16,498.0,477.6700134277344,489.70001220703125
2011-01-23,485.25,478.6000061035156,484.9599914550781
2011-01-30,493.25,474.0,477.239990234375
2011-02-06,474.510009765625,468.1400146484375,479.54998779296875
2011-02-13,477.8999938964844,463.6300048828125,473.3999938964844
2011-02-20,464.29998779296875,457.82000732421875,469.70001220703125
2011-02-27,469.25,459.3599853515625,478.0
2011-03-06,466.5299987792969,461.9700012207031,473.0
2011-03-13,475.5,463.4700012207031,481.5
2011-03-20,475.760009765625,469.20001220703125,487.1000061035156
2011-03-27,471.04998779296875,467.70001220703125,479.70001220703125
2011-04-03,481.70001220703125,467.79998779296875,477.5
2011-04-10,475.20001220703125,460.2699890136719,472.6000061035156
2011-04-17,473.25,460.3299865722656,472.0
2011-04-24,473.3999938964844,460.07000732421875,469.20001220703125
2011-05-01,461.6300048828125,447.6300048828125,453.1099853515625
2011-05-08,465.20001220703125,450.9700012207031,456.489990234375
2011-05-15,467.5,454.95001220703125,466.3999938964844
2011-05-22,464.19000244140625,457.7200012207031,467.70001220703125
2011-05-29,472.5,456.80999755859375,469.5
2011-06-05,467.70001220703125,455.25,467.70001220703125
2011-06-12,466.5,451.8599853515625,466.29998779296875
2011-06-19,470.8999938964844,455.9100036621094,470.6000061035156
2011-06-26,474.20001220703125,458.29998779296875,474.1499938964844
2011-07-03,473.6499938964844,457.6700134277344,467.1499938964844
2011-07-10,462.20001220703125,451.3500061035156,462.20001220703125
2011-07-17,466.8999938964844,452.010009765625,461.75
2011-07-24,463.5,450.7099914550781,461.0
2011-07-31,459.70001220703125,447.2200012207031,456.0
2011-08-07,453.489990234375,443.1400146484375,451.82000732421875
2011-08-14,463.760009765625,447.8699951171875,463.760009765625
2011-08-21,463.2699890136719,456.3299865722656,470.1000061035156
2011-08-28,467.29998779296875,457.260009765625,466.70001220703125
2011-09-04,464.5,449.6000061035156,459.20001220703125
2011-09-11,457.1000061035156,450.55999755859375,462.6000061035156
2011-09-18,469.0,459.6000061035156,478.1000061035156
2011-09-25,508.7099914550781,470.67999267578125,490.010009765625
2011-10-02,522.5,495.4700012207031,512.5999755859375
2011-10-09,531.4000244140625,510.2300109863281,520.9000244140625
2011-10-16,508.1600036621094,489.5799865722656,504.79998779296875
2011-10-23,510.20001220703125,489.30999755859375,518.25
2011-10-30,507.20001220703125,480.0799865722656,489.70001220703125
2011-11-06,495.29998779296875,480.0400085449219,488.5
2011-11-13,500.0,484.32000732421875,501.70001220703125
2011-11-20,503.2699890136719,487.510009765625,503.2699890136719
2011-11-27,516.2899780273438,506.1300048828125,509.75
2011-12-04,513.780029296875,499.9599914550781,515.0
2011-12-11,510.6000061035156,497.8500061035156,508.04998779296875
2011-12-18,518.25,501.6000061035156,508.3500061035156
2011-12-25,524.3499755859375,509.07000732421875,518.25
2012-01-01,524.25,518.0,519.3499755859375
2012-01-08,520.0,507.70001220703125,510.1000061035156
2012-01-15,514.0999755859375,499.5,499.5
2012-01-22,503.5,490.0,490.0
2012-01-29,495.54998779296875,483.6499938964844,487.8500061035156
2012-02-05,492.20001220703125,476.5,481.1499938964844
2012-02-12,482.25,473.29998779296875,474.0
2012-02-19,490.25,475.20001220703125,483.79998779296875
2012-02-26,484.5,477.45001220703125,480.5
2012-03-04,486.0,474.5,481.0
2012-03-11,493.3999938964844,481.1000061035156,483.1499938964844
2012-03-18,487.54998779296875,479.0,482.1000061035156
2012-03-25,490.29998779296875,481.6000061035156,488.70001220703125
2012-04-01,490.29998779296875,485.1000061035156,487.6000061035156
2012-04-08,488.54998779296875,481.1000061035156,483.54998779296875
2012-04-15,489.1000061035156,481.79998779296875,481.79998779296875
2012-04-22,489.70001220703125,484.04998779296875,487.95001220703125
2012-04-29,490.1499938964844,482.6000061035156,484.04998779296875
2012-05-06,486.1000061035156,479.8999938964844,482.1000061035156
2012-05-13,491.54998779296875,482.1499938964844,486.5
2012-05-20,506.5,487.0,506.5
2012-05-27,511.45001220703125,503.25,508.8999938964844
2012-06-03,522.8499755859375,507.04998779296875,517.9000244140625
2012-06-10,518.9000244140625,500.5,502.8999938964844
2012-06-17,505.20001220703125,497.0,497.0
2012-06-24,505.0,493.8999938964844,503.5
2012-07-01,510.3500061035156,500.3999938964844,507.70001220703125
2012-07-08,500.3500061035156,494.3999938964844,495.20001220703125
2012-07-15,498.8999938964844,489.54998779296875,492.75
2012-07-22,491.0,484.5,485.75
2012-07-29,494.3500061035156,482.29998779296875,486.0
2012-08-05,485.1000061035156,479.0,483.6000061035156
2012-08-12,480.6000061035156,473.3999938964844,474.54998779296875
2012-08-19,484.6000061035156,478.25,482.6000061035156
2012-08-26,486.25,478.6000061035156,480.0
2012-09-02,481.79998779296875,479.1499938964844,480.6499938964844
2012-09-09,481.3999938964844,473.29998779296875,475.6499938964844
2012-09-16,475.79998779296875,466.79998779296875,469.8999938964844
2012-09-23,474.3999938964844,469.20001220703125,469.79998779296875
2012-09-30,475.8999938964844,468.3500061035156,470.54998779296875
2012-10-07,474.6000061035156,471.0,471.8999938964844
2012-10-14,475.75,472.0,472.70001220703125
2012-10-21,474.3999938964844,469.70001220703125,472.79998779296875
2012-10-28,483.29998779296875,473.6499938964844,479.0
2012-11-04,482.1000061035156,478.04998779296875,480.3999938964844
2012-11-11,483.29998779296875,477.20001220703125,477.8999938964844
2012-11-18,485.6000061035156,478.20001220703125,483.75
2012-11-25,484.29998779296875,475.25,476.8999938964844
2012-12-02,482.29998779296875,477.6499938964844,479.1499938964844
2012-12-09,482.25,476.04998779296875,476.70001220703125
2012-12-16,477.1000061035156,473.6000061035156,474.20001220703125
2012-12-23,477.6000061035156,472.5,474.3999938964844
2012-12-30,480.70001220703125,477.04998779296875,479.29998779296875
2013-01-06,479.20001220703125,472.29998779296875,472.54998779296875
2013-01-13,473.1000061035156,469.04998779296875,470.8999938964844
2013-01-20,476.1000061035156,470.8999938964844,471.54998779296875
2013-01-27,472.25,469.6000061035156,470.6499938964844
2013-02-03,473.79998779296875,470.3999938964844,471.5
2013-02-10,473.5,471.1000061035156,472.25
2013-02-17,472.6000061035156,470.0,470.54998779296875
2013-02-24,474.04998779296875,470.79998779296875,472.8999938964844
2013-03-03,474.6000061035156,472.0,472.3999938964844
2013-03-10,475.04998779296875,471.29998779296875,471.6000061035156
2013-03-17,472.04998779296875,470.3500061035156,471.1000061035156
2013-03-24,473.04998779296875,471.6000061035156,472.1499938964844
2013-03-31,472.8999938964844,471.5,471.75
2013-04-07,472.75,468.3999938964844,469.8999938964844
2013-04-14,470.45001220703125,465.54998779296875,469.1000061035156
2013-04-21,478.0,469.5,475.54998779296875
2013-04-28,478.95001220703125,471.20001220703125,471.5
2013-05-05,473.04998779296875,468.6499938964844,471.8500061035156
2013-05-12,474.25,469.1000061035156,472.0
2013-05-19,481.29998779296875,473.1499938964844,479.3999938964844
2013-05-26,491.6499938964844,480.3500061035156,486.25
2013-06-02,501.1499938964844,487.3500061035156,494.25
2013-06-09,506.6499938964844,498.45001220703125,503.5
2013-06-16,507.20001220703125,491.04998779296875,491.3999938964844
2013-06-23,516.8499755859375,491.54998779296875,514.4000244140625
2013-06-30,516.2999877929688,502.5,504.25
2013-07-07,507.1000061035156,500.0,502.45001220703125
2013-07-14,509.1000061035156,503.0,504.1000061035156
2013-07-21,504.1000061035156,496.29998779296875,500.20001220703125
2013-07-28,507.1499938964844,501.04998779296875,504.1499938964844
2013-08-04,517.1500244140625,506.29998779296875,514.5999755859375
2013-08-11,516.4500122070312,505.3500061035156,508.79998779296875
2013-08-18,511.6499938964844,505.75,508.0
2013-08-25,519.1500244140625,508.1000061035156,511.79998779296875
2013-09-01,515.7999877929688,508.1000061035156,510.29998779296875
2013-09-08,511.0,506.0,508.3999938964844
2013-09-15,508.6499938964844,501.1000061035156,501.70001220703125
2013-09-22,505.1499938964844,501.04998779296875,501.8999938964844
2013-09-29,503.3999938964844,493.79998779296875,501.0
2013-10-06,505.6000061035156,497.6000061035156,499.6000061035156
2013-10-13,501.29998779296875,495.0,496.29998779296875
2013-10-20,499.54998779296875,492.0,493.1499938964844
2013-10-27,506.29998779296875,496.79998779296875,503.0
2013-11-03,508.95001220703125,504.0,508.29998779296875
2013-11-10,519.7000122070312,508.29998779296875,516.5
2013-11-17,523.9000244140625,517.6500244140625,518.7999877929688
2013-11-24,524.0,516.25,521.1500244140625
2013-12-01,531.5999755859375,517.7000122070312,528.0999755859375
2013-12-08,535.1500244140625,526.2999877929688,529.4000244140625
2013-12-15,533.5,524.2999877929688,530.7000122070312
2013-12-22,532.0,525.0,529.5999755859375
2013-12-29,529.75,522.1500244140625,524.2999877929688
2014-01-05,530.5,523.4000244140625,529.0
2014-01-12,535.2000122070312,528.3499755859375,532.7999877929688
2014-01-19,539.6500244140625,526.0499877929688,533.25
2014-01-26,552.5999755859375,539.0,548.2999877929688
2014-02-02,557.0499877929688,545.4500122070312,547.9000244140625
2014-02-09,561.5,550.5,551.7000122070312
2014-02-16,556.4000244140625,545.3499755859375,546.5999755859375
2014-02-23,557.2000122070312,545.75,555.0999755859375
2014-03-02,564.4500122070312,553.9000244140625,561.3499755859375
2014-03-09,565.3499755859375,557.0999755859375,558.0999755859375
2014-03-16,576.4000244140625,567.0,572.7999877929688
2014-03-23,572.0,561.5999755859375,564.8499755859375
2014-03-30,562.0999755859375,550.9500122070312,552.7000122070312
2014-04-06,556.0,548.2999877929688,554.7000122070312
2014-04-13,555.0,543.2999877929688,544.4000244140625
2014-04-20,558.5999755859375,547.4500122070312,557.1500244140625
2014-04-27,565.0,554.5999755859375,559.5
2014-05-04,566.0800170898438,558.5,563.5
2014-05-11,563.5,563.5,563.5
2014-05-18,553.7000122070312,548.2000122070312,552.9000244140625
2014-05-25,554.4500122070312,547.5999755859375,552.0
2014-06-01,557.0,546.9000244140625,549.0
2014-06-08,553.7999877929688,548.5999755859375,550.7999877929688
2014-06-15,556.3499755859375,549.0,553.3499755859375
2014-06-22,560.0,555.0,556.7000122070312
2014-06-29,555.3499755859375,549.0,549.0999755859375
2014-07-06,553.7000122070312,548.5,548.5
2014-07-13,554.5999755859375,548.4000244140625,552.3499755859375
2014-07-20,567.7999877929688,553.0999755859375,565.2999877929688
2014-07-27,566.6500244140625,562.0,563.0
2014-08-03,574.8499755859375,562.7999877929688,571.75
2014-08-10,578.7999877929688,570.5999755859375,576.7999877929688
2014-08-17,577.25,573.2000122070312,577.25
2014-08-24,584.5,574.4500122070312,582.2999877929688
2014-08-31,595.7999877929688,581.4000244140625,593.9000244140625
2014-09-07,594.5,582.25,592.9000244140625
2014-09-14,593.5999755859375,582.2999877929688,589.2999877929688
2014-09-21,597.5999755859375,591.0,595.7999877929688
2014-09-28,601.9500122070312,595.7999877929688,598.6500244140625
2014-10-05,603.0,594.4000244140625,595.2000122070312
2014-10-12,599.0999755859375,590.4000244140625,592.0
2014-10-19,593.7000122070312,585.6500244140625,589.2000122070312
2014-10-26,587.6500244140625,582.4000244140625,583.5999755859375
2014-11-02,586.2000122070312,574.0999755859375,576.4000244140625
2014-11-09,592.2999877929688,576.4000244140625,591.0499877929688
2014-11-16,596.9000244140625,584.7000122070312,594.5999755859375
2014-11-23,601.5999755859375,592.2999877929688,599.2000122070312
2014-11-30,607.8499755859375,592.8499755859375,600.0999755859375
2014-12-07,616.9000244140625,608.5499877929688,609.5
2014-12-14,619.25,611.7000122070312,616.25
2014-12-21,622.9000244140625,609.0999755859375,613.6500244140625
2014-12-28,611.0,606.9000244140625,609.0
2015-01-04,614.5,605.0,605.4500122070312
2015-01-11,617.9000244140625,611.2999877929688,612.5499877929688
2015-01-18,629.5,614.0999755859375,625.4000244140625
2015-01-25,630.5,623.4500122070312,624.4000244140625
2015-02-01,634.0,620.75,627.2999877929688
2015-02-08,633.6500244140625,619.5999755859375,623.5
2015-02-15,631.5999755859375,618.5,622.25
2015-02-22,622.9000244140625,615.25,618.2999877929688
2015-03-01,625.5,614.5,618.5
2015-03-08,627.2000122070312,616.0,621.0
2015-03-15,640.5,626.2000122070312,633.5
2015-03-22,643.0,632.7000122070312,639.75
2015-03-29,631.2999877929688,617.9000244140625,622.5
2015-04-05,629.5999755859375,612.2999877929688,615.2000122070312
2015-04-12,620.5999755859375,608.5999755859375,615.9500122070312
2015-04-19,623.0,609.6500244140625,609.9000244140625
2015-04-26,619.7000122070312,612.0,614.4000244140625
2015-05-03,613.5999755859375,604.5,611.5999755859375
2015-05-10,616.0,602.9000244140625,608.9000244140625
2015-05-17,611.0999755859375,592.8499755859375,594.25
2015-05-24,608.5999755859375,596.0999755859375,603.5
2015-05-31,619.2999877929688,607.8499755859375,616.0
2015-06-07,637.5,617.7000122070312,628.0
2015-06-14,636.0999755859375,620.0,630.0499877929688
2015-06-21,638.5999755859375,626.9000244140625,628.75
2015-06-28,635.8499755859375,628.2000122070312,630.9000244140625
2015-07-05,640.5999755859375,634.4000244140625,634.5
2015-07-12,654.7000122070312,636.5,646.6500244140625
2015-07-19,649.5,641.1500244140625,642.7999877929688
2015-07-26,662.0,645.0999755859375,656.4000244140625
2015-08-02,673.0999755859375,660.2000122070312,672.0
2015-08-09,686.2000122070312,674.0,678.5999755859375
2015-08-16,686.0999755859375,672.7999877929688,685.0
2015-08-23,699.2000122070312,684.5,690.2000122070312
2015-08-30,708.5499877929688,686.4000244140625,694.0
2015-09-06,698.1500244140625,684.0999755859375,688.7999877929688
2015-09-13,695.0,679.0,685.0
2015-09-20,690.9000244140625,673.4000244140625,678.3499755859375
2015-09-27,709.5499877929688,675.8499755859375,696.4000244140625
2015-10-04,707.5999755859375,689.5,695.5999755859375
2015-10-11,688.5999755859375,670.8499755859375,677.0
2015-10-18,684.4000244140625,671.2999877929688,673.5
2015-10-25,693.5499877929688,674.0999755859375,688.9500122070312
2015-11-01,692.4000244140625,683.3499755859375,688.4000244140625
2015-11-08,699.1500244140625,687.5,693.9000244140625
2015-11-15,706.5499877929688,697.0,701.25
2015-11-22,715.0999755859375,705.5,710.9500122070312
2015-11-29,716.75,708.1500244140625,713.0999755859375
2015-12-06,712.5999755859375,697.8499755859375,700.7000122070312
2015-12-13,709.0,700.4000244140625,704.2000122070312
2015-12-20,712.5,699.0999755859375,706.75
2015-12-27,702.5,690.0,700.0
2016-01-03,711.5999755859375,700.0,708.1500244140625
2016-01-10,726.3499755859375,708.1500244140625,721.4000244140625
2016-01-17,732.0999755859375,723.5999755859375,723.5999755859375
2016-01-24,732.0,712.3499755859375,724.6500244140625
2016-01-31,722.6500244140625,708.5999755859375,710.5999755859375
2016-02-07,716.4000244140625,693.7999877929688,695.9500122070312
2016-02-14,716.5999755859375,704.6500244140625,712.5
2016-02-21,709.3499755859375,697.0999755859375,702.6500244140625
2016-02-28,701.2999877929688,684.7999877929688,690.0499877929688
2016-03-06,696.25,668.97998046875,668.8699951171875
2016-03-13,670.2899780273438,651.8499755859375,664.1599731445312
2016-03-20,688.0999755859375,658.6099853515625,663.6799926757812
2016-03-27,681.2000122070312,659.0599975585938,680.5
2016-04-03,683.7999877929688,658.77001953125,668.5
2016-04-10,684.9500122070312,656.75,662.6699829101562
2016-04-17,683.5,650.8900146484375,663.4000244140625
2016-04-24,667.5,646.02001953125,647.0599975585938
2016-05-01,667.9500122070312,648.25,662.2000122070312
2016-05-08,671.2000122070312,644.4600219726562,665.9000244140625
2016-05-15,689.5,652.5999755859375,684.7000122070312
2016-05-22,698.0,674.3699951171875,693.25
2016-05-29,694.9000244140625,674.5399780273438,687.5
2016-06-05,694.7999877929688,675.0800170898438,689.7000122070312
2016-06-12,684.5,661.739990234375,679.0999755859375
2016-06-19,689.9000244140625,667.2999877929688,689.0999755859375
2016-06-26,684.3499755859375,655.6699829101562,669.5999755859375
2016-07-03,673.9000244140625,648.5999755859375,651.5800170898438
2016-07-10,665.5,644.6199951171875,650.6400146484375
2016-07-17,661.25,639.2999877929688,644.719970703125
2016-07-24,653.4000244140625,636.02001953125,639.0800170898438
2016-07-31,665.9000244140625,637.7899780273438,652.5499877929688
2016-08-07,658.5999755859375,643.030029296875,654.7999877929688
2016-08-14,656.7000122070312,630.0499877929688,640.1599731445312
2016-08-21,661.7999877929688,629.4500122070312,655.5
2016-08-28,673.4000244140625,645.280029296875,662.2999877929688
2016-09-04,681.0999755859375,655.7100219726562,680.0999755859375
2016-09-11,681.5999755859375,650.6500244140625,664.7000122070312
2016-09-18,678.2000122070312,657.0800170898438,671.7999877929688
2016-09-25,675.0,651.510009765625,659.0999755859375
2016-10-02,663.7000122070312,646.0900268554688,646.469970703125
2016-10-09,670.0,643.27001953125,666.0
2016-10-16,671.9000244140625,650.75,669.4000244140625
2016-10-23,670.7999877929688,653.77001953125,666.2000122070312
2016-10-30,666.2000122070312,636.9600219726562,650.4000244140625
2016-11-06,656.0,633.530029296875,651.2000122070312
2016-11-13,663.0,634.4099731445312,634.9199829101562
2016-11-20,680.5,653.8800048828125,667.1900024414062
2016-11-27,683.7000122070312,658.9299926757812,664.219970703125
2016-12-04,678.2000122070312,659.7000122070312,660.72998046875
2016-12-11,673.9000244140625,641.3200073242188,652.260009765625
2016-12-18,672.7999877929688,642.5900268554688,649.5999755859375
2016-12-25,678.280029296875,651.0999755859375,663.75
2017-01-01,675.219970703125,650.8200073242188,654.6500244140625
2017-01-08,674.5999755859375,652.9500122070312,649.6500244140625
2017-01-15,673.3200073242188,651.02001953125,653.5399780273438
2017-01-22,661.9299926757812,655.2000122070312,660.2999877929688
2017-01-29,656.8599853515625,638.5399780273438,638.27001953125
2017-02-05,650.1500244140625,628.9400024414062,642.0
2017-02-12,649.9400024414062,636.7999877929688,637.4500122070312
2017-02-19,644.7000122070312,622.9400024414062,638.5999755859375
2017-02-26,646.969970703125,625.489990234375,641.0
2017-03-05,657.4000244140625,631.52001953125,654.7999877929688
2017-03-12,666.0,638.5900268554688,665.0
2017-03-19,670.1300048828125,644.989990234375,647.8800048828125
2017-03-26,664.7999877929688,645.9299926757812,662.5
2017-04-02,667.5,647.3200073242188,662.5999755859375
2017-04-09,662.4000244140625,642.469970703125,655.9000244140625
2017-04-16,657.2000122070312,637.2999877929688,650.0999755859375
2017-04-23,651.6799926757812,637.530029296875,649.2000122070312
2017-04-30,667.0999755859375,626.5999755859375,662.5
2017-05-07,676.6900024414062,651.719970703125,674.5999755859375
2017-05-14,681.2000122070312,659.9500122070312,671.7000122070312
2017-05-21,679.25,651.9099731445312,671.9000244140625
2017-05-28,676.4000244140625,655.0800170898438,660.1300048828125
2017-06-04,675.9000244140625,659.2899780273438,672.0
2017-06-11,669.7999877929688,654.02001953125,658.1300048828125
2017-06-18,665.5,649.280029296875,665.5
2017-06-25,665.2000122070312,649.3099975585938,662.9000244140625
2017-07-02,664.7000122070312,644.4099731445312,664.7000122070312
2017-07-09,667.25,649.8300170898438,665.0
2017-07-16,666.9500122070312,649.760009765625,661.7000122070312
2017-07-23,659.7999877929688,634.719970703125,652.0
2017-07-30,651.7999877929688,631.8900146484375,649.0
2017-08-06,654.7999877929688,635.3599853515625,648.0
2017-08-13,651.22998046875,633.8099975585938,648.0999755859375
2017-08-20,649.3300170898438,630.8900146484375,646.2000122070312
2017-08-27,646.4000244140625,627.0499877929688,637.7000122070312
2017-09-03,634.1300048828125,613.6799926757812,624.7000122070312
2017-09-10,625.5,604.52001953125,613.5999755859375
2017-09-17,629.1199951171875,604.0399780273438,623.7000122070312
2017-09-24,626.030029296875,607.9000244140625,624.0
2017-10-01,639.5599975585938,614.75,635.4000244140625
2017-10-08,641.4400024414062,621.4500122070312,628.0999755859375
2017-10-15,633.7000122070312,615.52001953125,624.0
2017-10-22,629.4600219726562,606.760009765625,624.7000122070312
2017-10-29,635.8900146484375,616.1099853515625,634.4000244140625
2017-11-05,638.8499755859375,621.010009765625,622.1500244140625
2017-11-12,635.0999755859375,618.3099975585938,618.9199829101562
2017-11-19,633.4000244140625,613.239990234375,629.7999877929688
2017-11-26,638.9000244140625,619.8400268554688,621.5
2017-12-03,651.7000122070312,619.239990234375,629.2000122070312
2017-12-10,656.0999755859375,646.7000122070312,654.7999877929688
2017-12-17,657.0,634.4299926757812,638.2000122070312
2017-12-24,636.4000244140625,608.7000122070312,620.2000122070312
2017-12-31,622.0250244140625,608.0399780273438,614.4000244140625
2018-01-07,615.0,601.1300048828125,605.2999877929688
2018-01-14,610.0999755859375,602.0999755859375,605.0999755859375
2018-01-21,608.4000244140625,588.27001953125,604.9000244140625
2018-01-28,609.2000122070312,597.0999755859375,599.2999877929688
2018-02-04,607.6900024414062,588.0999755859375,597.0999755859375
2018-02-11,604.5999755859375,593.4000244140625,602.7999877929688
2018-02-18,604.2999877929688,590.5,592.9000244140625
2018-02-25,596.2000122070312,584.780029296875,591.7000122070312
2018-03-04,598.719970703125,580.3499755859375,595.4000244140625
2018-03-11,606.4000244140625,585.2999877929688,605.7000122070312
2018-03-18,607.9000244140625,593.2899780273438,605.0999755859375
2018-03-25,610.9000244140625,603.7000122070312,608.5999755859375
2018-04-01,608.7000122070312,593.1099853515625,603.4000244140625
2018-04-08,605.5999755859375,591.3699951171875,603.4000244140625
2018-04-15,605.8300170898438,586.780029296875,596.2999877929688
2018-04-22,597.0999755859375,583.489990234375,594.9000244140625
2018-04-29,607.0999755859375,586.219970703125,602.4000244140625
2018-05-06,622.0,589.25,618.0999755859375
2018-05-13,638.7999877929688,609.6699829101562,622.7000122070312
2018-05-20,638.3499755859375,606.4299926757812,632.2000122070312
2018-05-27,637.0999755859375,611.0900268554688,626.4000244140625
2018-06-03,633.719970703125,612.9099731445312,630.0999755859375
2018-06-10,634.7999877929688,615.8599853515625,630.5999755859375
2018-06-17,638.9000244140625,618.1699829101562,636.5
2018-06-24,642.6099853515625,620.02001953125,639.5999755859375
2018-07-01,651.7000122070312,623.6099853515625,649.0
2018-07-08,658.6300048828125,635.4400024414062,656.0
2018-07-15,657.2000122070312,636.8300170898438,648.5999755859375
2018-07-22,664.0999755859375,634.0700073242188,663.4000244140625
2018-07-29,663.02001953125,634.0900268554688,646.9000244140625
2018-08-05,646.9000244140625,625.4000244140625,644.7999877929688
2018-08-12,655.2999877929688,630.1300048828125,646.5999755859375
2018-08-19,671.3800048828125,640.6900024414062,669.0
2018-08-26,671.9199829101562,650.7999877929688,669.2999877929688
2018-09-02,682.5,644.6199951171875,679.0
2018-09-09,695.5999755859375,671.5,686.0999755859375
2018-09-16,700.2999877929688,678.9000244140625,681.5999755859375
2018-09-23,687.4000244140625,662.9000244140625,666.5
2018-09-30,674.7999877929688,655.2899780273438,659.4000244140625
2018-10-07,676.9000244140625,645.1199951171875,674.9000244140625
2018-10-14,687.7999877929688,664.0900268554688,682.9000244140625
2018-10-21,680.8099975585938,664.260009765625,675.7000122070312
2018-10-28,692.7999877929688,669.010009765625,686.9500122070312
2018-11-04,700.4000244140625,671.969970703125,688.2999877929688
2018-11-11,686.9400024414062,672.5999755859375,677.2000122070312
2018-11-18,693.1300048828125,669.5,673.2000122070312
2018-11-25,675.4000244140625,657.7899780273438,667.9000244140625
2018-12-02,677.7999877929688,657.530029296875,670.0
2018-12-09,678.6400146484375,663.2999877929688,675.2999877929688
2018-12-16,687.9000244140625,673.5999755859375,681.7999877929688
2018-12-23,693.6500244140625,681.2000122070312,690.7999877929688
2018-12-30,697.4500122070312,688.7000122070312,696.7000122070312
2019-01-06,699.6300048828125,681.0900268554688,693.2999877929688
2019-01-13,682.2999877929688,672.4000244140625,675.5999755859375
2019-01-20,678.1599731445312,664.6900024414062,670.0
2019-01-27,674.0999755859375,664.5999755859375,671.5999755859375
2019-02-03,672.5399780273438,650.260009765625,650.4400024414062
2019-02-10,658.7000122070312,648.7999877929688,658.0999755859375
2019-02-17,667.0999755859375,657.5999755859375,663.9000244140625
2019-02-24,661.5999755859375,649.4000244140625,654.0
2019-03-03,658.7999877929688,647.0,655.2999877929688
2019-03-10,672.5,655.0599975585938,667.2999877929688
2019-03-17,672.0499877929688,663.4000244140625,671.2000122070312
2019-03-24,679.5999755859375,655.7999877929688,667.0
2019-03-31,686.0,675.9000244140625,682.0999755859375
2019-04-07,680.0499877929688,655.4099731445312,664.5999755859375
2019-04-14,664.7999877929688,650.3099975585938,663.4000244140625
2019-04-21,664.2999877929688,652.1099853515625,662.0599975585938
2019-04-28,677.5800170898438,661.5999755859375,674.489990234375
2019-05-05,685.030029296875,673.0999755859375,681.7999877929688
2019-05-12,687.8499755859375,676.2999877929688,684.7999877929688
2019-05-19,697.969970703125,685.5,693.9600219726562
2019-05-26,700.280029296875,693.0800170898438,696.3699951171875
2019-06-02,715.260009765625,692.5999755859375,709.6400146484375
2019-06-09,711.5800170898438,689.0999755859375,692.6699829101562
2019-06-16,701.3800048828125,691.7999877929688,696.0900268554688
2019-06-23,701.3599853515625,680.4000244140625,683.8800048828125
2019-06-30,685.6799926757812,676.0,680.1699829101562
2019-07-07,684.260009765625,673.7000122070312,679.27001953125
2019-07-14,691.1599731445312,679.2000122070312,680.719970703125
2019-07-21,687.489990234375,676.9299926757812,683.1599731445312
2019-07-28,698.4000244140625,687.2999877929688,696.75
2019-08-04,712.9000244140625,694.5999755859375,706.4600219726562
2019-08-11,724.0700073242188,709.4000244140625,709.5
2019-08-18,719.5900268554688,703.2000122070312,710.6900024414062
2019-08-25,718.7000122070312,706.219970703125,715.0900268554688
2019-09-01,725.9500122070312,702.4000244140625,720.8400268554688
2019-09-08,727.3599853515625,709.5,715.0900268554688
2019-09-15,716.3699951171875,704.4000244140625,708.780029296875
2019-09-22,717.7899780273438,706.5999755859375,716.1599731445312
2019-09-29,728.3900146484375,715.6099853515625,726.7000122070312
2019-10-06,731.27001953125,713.7999877929688,716.5800170898438
2019-10-13,726.27001953125,710.0999755859375,718.9600219726562
2019-10-20,721.173583984375,707.7999877929688,711.6738891601562
2019-10-27,732.5999755859375,710.9000244140625,724.6680908203125
2019-11-03,750.9727783203125,721.2999877929688,743.8840942382812
2019-11-10,758.2725219726562,732.4000244140625,742.584716796875
2019-11-17,820.4591064453125,748.5,803.3466796875
2019-11-24,806.9940795898438,751.5,797.2999877929688
2019-12-01,855.8619995117188,790.7999877929688,828.4000244140625
2019-12-08,877.5678100585938,774.9000244140625,783.159912109375
2019-12-15,802.8871459960938,760.7000122070312,767.9000244140625
2019-12-22,766.2999877929688,746.2000122070312,753.7999877929688
2019-12-29,759.2999877929688,742.7000122070312,746.5
2020-01-05,761.2999877929688,732.2000122070312,749.2999877929688
2020-01-12,776.5999755859375,757.5,767.7999877929688
2020-01-19,780.4000244140625,767.0999755859375,776.5999755859375
2020-01-26,779.7999877929688,766.9000244140625,776.5
2020-02-02,801.4000244140625,776.7999877929688,796.7999877929688
2020-02-09,801.9000244140625,773.5,783.2999877929688
2020-02-16,798.5,785.5999755859375,793.5999755859375
2020-02-23,813.0,787.2999877929688,807.2999877929688
2020-03-01,821.7999877929688,802.5,814.0
2020-03-08,832.0999755859375,800.2999877929688,824.9000244140625
2020-03-15,857.7999877929688,826.0999755859375,851.0
2020-03-22,878.2999877929688,838.5,861.7999877929688
2020-03-29,875.0999755859375,828.7000122070312,828.9000244140625
2020-04-05,867.9000244140625,830.7999877929688,862.4000244140625
2020-04-12,865.2000122070312,833.4000244140625,841.7999877929688
2020-04-19,860.5999755859375,833.0999755859375,852.2000122070312
2020-04-26,865.0999755859375,852.2999877929688,859.9000244140625
2020-05-03,861.0,832.0999755859375,834.5999755859375
2020-05-10,846.4000244140625,824.5,838.0
2020-05-17,834.7000122070312,816.5,821.7999877929688
2020-05-24,830.5,798.7999877929688,804.2000122070312
2020-05-31,823.0999755859375,798.0,808.0999755859375
2020-06-07,804.3300170898438,758.2999877929688,770.4000244140625
2020-06-14,793.7999877929688,762.5,792.2999877929688
2020-06-21,824.2999877929688,771.0999755859375,817.0
2020-06-28,824.2000122070312,806.5,808.5999755859375
2020-07-05,823.2000122070312,796.0999755859375,800.5999755859375
2020-07-12,803.0999755859375,774.2999877929688,788.0999755859375
2020-07-19,795.0,781.0,788.9000244140625
2020-07-26,788.0,761.7000122070312,769.9000244140625
2020-08-02,773.7999877929688,750.9000244140625,761.0
2020-08-09,786.4000244140625,754.0999755859375,773.0
2020-08-16,806.0,783.9000244140625,793.0
2020-08-23,807.2999877929688,780.2999877929688,785.9000244140625
2020-08-30,793.4000244140625,777.0999755859375,783.9000244140625
2020-09-06,779.7999877929688,767.2999877929688,775.2999877929688
2020-09-13,780.5,761.7000122070312,772.5999755859375
2020-09-20,771.7000122070312,757.5999755859375,760.7000122070312
2020-09-27,790.7000122070312,762.7999877929688,782.7999877929688
2020-10-04,792.4000244140625,779.2999877929688,786.5999755859375
2020-10-11,800.7999877929688,786.7999877929688,798.0999755859375
2020-10-18,803.5999755859375,793.5999755859375,803.5999755859375
2020-10-25,794.5,774.7000122070312,778.2999877929688
2020-11-01,781.9000244140625,767.0999755859375,771.5
2020-11-08,773.0,747.2999877929688,755.5999755859375
2020-11-15,769.0999755859375,747.0,760.5999755859375
2020-11-22,770.0,754.0999755859375,758.7000122070312
2020-11-29,776.0,759.0999755859375,765.7999877929688
2020-12-06,769.4000244140625,743.4000244140625,750.0999755859375
2020-12-13,747.7999877929688,729.9000244140625,734.2999877929688
2020-12-20,736.9000244140625,718.4000244140625,721.4000244140625
2020-12-27,736.2999877929688,705.0999755859375,714.2999877929688
2021-01-03,714.9000244140625,697.7998046875,710.0
2021-01-10,714.5,692.9000244140625,712.2999877929688
2021-01-17,744.9000244140625,706.0739135742188,726.0
2021-01-24,738.9000244140625,711.0999755859375,716.9000244140625
2021-01-31,744.7999877929688,723.5,735.5
2021-02-07,739.2999877929688,725.2000122070312,735.2000122070312
2021-02-14,739.4000244140625,719.5,725.7999877929688
2021-02-21,722.6500244140625,703.7000122070312,710.5
2021-02-28,727.2000122070312,697.7000122070312,715.5
2021-03-07,737.9000244140625,717.9000244140625,731.5999755859375
2021-03-14,742.2999877929688,712.7999877929688,712.7999877929688
2021-03-21,732.9000244140625,714.4000244140625,720.0999755859375
2021-03-28,733.7000122070312,712.7999877929688,724.7000122070312
2021-04-04,739.7000122070312,713.5999755859375,716.5999755859375
2021-04-11,722.0,706.4000244140625,707.7000122070312
2021-04-18,713.7000122070312,697.7999877929688,698.0
2021-04-25,714.2000122070312,693.5,706.2999877929688
2021-05-02,714.5,693.7000122070312,708.9000244140625
2021-05-09,710.9000244140625,691.9000244140625,699.7000122070312
2021-05-16,710.2000122070312,690.0999755859375,707.2000122070312
2021-05-23,720.7999877929688,696.2000122070312,720.7000122070312
2021-05-30,736.9000244140625,719.7000122070312,724.2000122070312
2021-06-06,729.2000122070312,714.2000122070312,718.5
2021-06-13,722.5999755859375,713.2000122070312,719.2999877929688
2021-06-20,749.0999755859375,716.7000122070312,738.0
2021-06-27,757.0,727.0,733.5
2021-07-04,742.47998046875,721.7000122070312,740.0
2021-07-11,756.010009765625,731.8099975585938,752.9000244140625
2021-07-18,756.8200073242188,741.1199951171875,756.4500122070312
2021-07-25,762.9400024414062,747.1500244140625,753.3800048828125
2021-08-01,772.1199951171875,755.969970703125,759.780029296875
2021-08-08,788.0499877929688,752.6300048828125,777.489990234375
2021-08-15,795.3400268554688,768.0,774.2999877929688
2021-08-22,794.9000244140625,774.75,786.010009765625
2021-08-29,787.75,779.5499877929688,786.4099731445312
2021-09-05,783.1599731445312,761.8699951171875,768.8300170898438
2021-09-12,793.6300048828125,765.25,792.9000244140625
2021-09-19,791.1199951171875,777.5,783.1300048828125
2021-09-26,791.8400268554688,781.0,784.8900146484375
2021-10-03,815.7000122070312,791.0999755859375,810.3300170898438
2021-10-10,825.25,801.1599731445312,811.760009765625
2021-10-17,832.2999877929688,806.260009765625,825.4199829101562
2021-10-24,825.5,808.8900146484375,817.6599731445312
2021-10-31,815.3499755859375,801.0499877929688,805.3900146484375
2021-11-07,816.8200073242188,809.8499755859375,813.6199951171875
2021-11-14,810.9500122070312,788.4000244140625,793.6599731445312
2021-11-21,840.6500244140625,797.52001953125,832.1599731445312
2021-11-28,834.1599731445312,805.5499877929688,818.5
2021-12-05,848.75,818.25,837.0399780273438
2021-12-12,853.010009765625,833.25,824.7659301757812
2021-12-19,851.5,836.75,846.010009765625
2021-12-26,874.9600219726562,842.760009765625,858.7899780273438
2022-01-02,864.9199829101562,840.510009765625,851.5
2022-01-09,856.02001953125,826.239990234375,837.0999755859375
2022-01-16,837.6900024414062,809.9199829101562,816.0
2022-01-23,826.760009765625,793.6500244140625,802.260009765625
2022-01-30,815.0800170898438,793.0599975585938,804.75
2022-02-06,830.3499755859375,795.0,818.1300048828125
2022-02-13,830.0499877929688,796.7999877929688,804.75
2022-02-20,814.0,790.1900024414062,794.75
2022-02-27,817.0,783.0399780273438,816.25
2022-03-06,810.22998046875,790.6500244140625,795.6300048828125
2022-03-13,813.5900268554688,797.6199951171875,801.5
2022-03-20,818.0800170898438,794.1799926757812,799.0599975585938
2022-03-27,805.5999755859375,781.9400024414062,788.6099853515625
2022-04-03,791.0,771.4000244140625,786.280029296875
2022-04-10,818.25,766.1509399414062,805.5499877929688
2022-04-17,823.0499877929688,799.0499877929688,814.9000244140625
2022-04-24,840.22998046875,803.9697875976562,824.3499755859375
2022-05-01,859.72998046875,824.1989135742188,857.510009765625
2022-05-08,867.8499755859375,849.010009765625,861.780029296875
2022-05-15,871.0999755859375,856.97998046875,865.1599731445312
2022-05-22,860.2000122070312,828.7999877929688,837.0499877929688
2022-05-29,836.7000122070312,818.280029296875,823.3200073242188
2022-06-05,833.7000122070312,807.5499877929688,812.72998046875
2022-06-12,840.1400146484375,808.75,826.0
2022-06-19,877.3300170898438,844.1300048828125,866.5999755859375
2022-06-26,918.3300170898438,872.5,903.530029296875
2022-07-03,939.47998046875,906.1799926757812,916.25
2022-07-10,993.5999755859375,924.7999877929688,951.280029296875
2022-07-17,1050.25,973.5999755859375,1008.8400268554688
2022-07-24,1050.260009765625,915.7774047851562,928.3200073242188
2022-07-31,952.1500244140625,896.619384765625,908.4500122070312
2022-08-07,920.75,877.3841552734375,901.9000244140625
2022-08-14,917.6400146484375,871.1324462890625,884.4099731445312
2022-08-21,950.6799926757812,868.3849487304688,929.2000122070312
2022-08-28,954.4500122070312,885.2069702148438,898.0
2022-09-04,907.3499755859375,873.3300170898438,896.5700073242188
2022-09-11,901.0,860.0999755859375,881.75
2022-09-18,927.1599731445312,891.853515625,923.25
2022-09-25,971.6300048828125,907.7389526367188,944.3800048828125
2022-10-02,993.510009765625,935.9478149414062,963.25
2022-10-09,972.0,924.0,943.5800170898438
2022-10-16,960.5,920.739990234375,937.510009765625
2022-10-23,991.030029296875,956.25,978.0
2022-10-30,988.5,925.8099975585938,943.25
2022-11-06,957.8499755859375,924.5800170898438,944.1599731445312
2022-11-13,927.1799926757812,880.4000244140625,893.9500122070312
2022-11-20,940.3800048828125,881.1500244140625,921.2000122070312
2022-11-27,955.75,906.0,909.8499755859375
2022-12-04,925.7999877929688,875.6900024414062,879.1099853515625
2022-12-11,896.5,854.1500244140625,863.5
2022-12-18,892.75,845.8369140625,878.0499877929688
2022-12-25,892.5499877929688,862.469970703125,870.8599853515625
2023-01-01,885.0,847.25,856.0
2023-01-08,864.0,837.1174926757812,851.5
2023-01-15,841.2000122070312,812.260009765625,818.0
2023-01-22,833.969970703125,807.5,823.25
2023-01-29,817.2999877929688,795.8499755859375,801.780029296875
2023-02-05,813.5,775.9500122070312,779.5
2023-02-12,810.0700073242188,792.030029296875,799.7999877929688
2023-02-19,800.0499877929688,786.0999755859375,791.1199951171875
2023-02-26,823.6699829101562,790.5499877929688,803.7999877929688
2023-03-05,836.2000122070312,800.2144165039062,812.3800048828125
2023-03-12,807.739990234375,788.1699829101562,795.9500122070312
2023-03-19,831.3300170898438,777.7756958007812,824.8300170898438
2023-03-26,834.75,800.0800170898438,806.7999877929688
2023-04-02,812.75,785.8800048828125,788.8200073242188
2023-04-09,819.4000244140625,789.22998046875,819.4000244140625
2023-04-16,821.6500244140625,792.1699829101562,793.7000122070312
2023-04-23,801.4500122070312,784.6368408203125,792.22998046875
2023-04-30,819.5999755859375,786.6846923828125,802.8599853515625
2023-05-07,809.4099731445312,793.2100219726562,798.1300048828125
2023-05-14,801.22998046875,781.3202514648438,794.5
2023-05-21,800.8599853515625,773.0729370117188,795.6400146484375
2023-05-28,810.4500122070312,788.9371337890625,808.0999755859375
2023-06-04,810.260009765625,791.814697265625,801.0
2023-06-11,800.2899780273438,778.3984985351562,788.3800048828125
2023-06-18,803.5499877929688,775.4622802734375,793.0399780273438
2023-06-25,806.75,791.6689453125,804.1900024414062
2023-07-02,805.75,787.69775390625,802.8499755859375
2023-07-09,806.4000244140625,788.0772094726562,803.7999877929688
2023-07-16,816.4400024414062,806.9099731445312,809.4600219726562
2023-07-23,824.2000122070312,794.3031616210938,816.5
2023-07-30,829.9000244140625,819.1400146484375,827.3900146484375
2023-08-06,858.780029296875,816.5514526367188,850.8499755859375
2023-08-13,862.8300170898438,845.6799926757812,845.9500122070312
2023-08-20,869.8300170898438,844.4645385742188,864.489990234375
2023-08-27,870.510009765625,832.1658325195312,849.7100219726562
2023-09-03,858.75,841.15771484375,851.75
2023-09-10,897.3400268554688,851.760009765625,882.780029296875
2023-09-17,901.75,879.9400024414062,888.739990234375
2023-09-24,894.75,881.2999877929688,889.219970703125
2023-10-01,910.25,887.3120727539062,904.9000244140625
2023-10-08,922.8200073242188,890.25,913.9000244140625
2023-10-15,939.719970703125,909.8125,936.1799926757812
2023-10-22,950.25,932.1400146484375,941.2100219726562
2023-10-29,949.1900024414062,919.8400268554688,929.3400268554688
2023-11-05,931.1799926757812,838.3900146484375,886.6599731445312
2023-11-12,919.8499755859375,876.2999877929688,910.75
2023-11-19,922.3300170898438,877.0999755859375,880.8400268554688
2023-11-26,888.3699951171875,860.986572265625,872.9299926757812
2023-12-03,872.25,855.4490966796875,870.2000122070312
2023-12-10,880.4299926757812,856.97998046875,872.1599731445312
2023-12-17,883.6699829101562,862.3900146484375,865.1199951171875
2023-12-24,890.7100219726562,853.2001953125,878.6799926757812
2023-12-31,901.7999877929688,864.123291015625,884.6400146484375
2024-01-07,900.1599731445312,869.7428588867188,886.97998046875
2024-01-14,923.4299926757812,877.8394165039062,913.469970703125
2024-01-21,930.2000122070312,897.3515625,919.5900268554688
2024-01-28,921.5999755859375,904.739990234375,909.3699951171875
2024-02-04,949.9099731445312,919.8099975585938,931.5700073242188
2024-02-11,969.8300170898438,928.3109741210938,965.4199829101562
2024-02-18,975.0,954.5,967.1900024414062
2024-02-25,982.8200073242188,950.9568481445312,978.469970703125
2024-03-03,989.5499877929688,963.780029296875,966.280029296875
2024-03-10,987.0,958.6599731445312,980.5399780273438
2024-03-17,967.0999755859375,935.280029296875,941.3200073242188
2024-03-24,983.1099853515625,925.3380737304688,968.6300048828125
2024-03-31,985.0399780273438,967.0006103515625,980.4600219726562
2024-04-07,986.3800048828125,937.8300170898438,940.2999877929688
2024-04-14,964.1500244140625,928.8125610351562,954.8599853515625
2024-04-21,988.5999755859375,949.3800048828125,965.6900024414062
2024-04-28,958.760009765625,937.8677368164062,948.0
2024-05-05,960.260009765625,931.5202026367188,947.1500244140625
2024-05-12,942.8800048828125,922.5,924.0499877929688
2024-05-19,925.8499755859375,895.1699829101562,898.030029296875
2024-05-26,910.6500244140625,884.6400146484375,909.1099853515625
2024-06-02,918.1799926757812,884.381103515625,916.8400268554688
2024-06-09,918.5800170898438,899.5499877929688,908.0499877929688
2024-06-16,924.3400268554688,905.0842895507812,917.7000122070312
2024-06-23,936.8599853515625,918.1857299804688,931.97998046875
2024-06-30,954.1300048828125,917.9391479492188,954.1300048828125
2024-07-07,947.469970703125,921.935546875,936.9000244140625
2024-07-14,940.4000244140625,907.25,913.8099975585938
2024-07-21,935.77001953125,897.8089599609375,932.780029296875
2024-07-28,951.25,935.7034301757812,946.6400146484375
2024-08-04,957.8900146484375,936.27001953125,948.0800170898438
2024-08-11,958.8599853515625,931.1300048828125,935.1799926757812
2024-08-18,941.0,920.103515625,932.2000122070312
2024-08-25,939.5900268554688,906.7999877929688,919.010009765625
2024-09-01,917.25,904.7000122070312,914.5800170898438
2024-09-08,944.8900146484375,910.760009765625,942.1599731445312
2024-09-15,951.0999755859375,922.5399780273438,933.72998046875
2024-09-22,931.2899780273438,922.3300170898438,930.3599853515625
2024-09-29,930.0,897.1300048828125,905.4000244140625
2024-10-06,924.5999755859375,891.841552734375,920.3900146484375
2024-10-13,935.97998046875,921.2000122070312,929.5900268554688
2024-10-20,952.1500244140625,912.3783569335938,945.9099731445312
2024-10-27,955.5499877929688,931.7484130859375,946.4600219726562
2024-11-03,961.3499755859375,929.6116943359375,960.9400024414062
2024-11-10,974.2000122070312,945.78564453125,957.1799926757812
2024-11-17,985.75,964.1500244140625,975.0800170898438
2024-11-24,980.72998046875,969.4000244140625,973.0900268554688
2024-12-01,978.2999877929688,959.14990234375,977.4400024414062
2024-12-08,980.8499755859375,966.5,969.6799926757812
2024-12-15,981.4500122070312,962.82421875,976.3900146484375
2024-12-22,999.1099853515625,964.2030639648438,991.1500244140625
2024-12-29,994.719970703125,974.83544921875,988.6400146484375
2025-01-05,1011.219970703125,981.5505981445312,1004.1300048828125
2025-01-12,1011.260009765625,998.7999877929688,1006.0700073242188
2025-01-19,1016.2999877929688,998.530029296875,1013.0599975585938
2025-01-26,1010.3499755859375,980.780029296875,987.0499877929688
2025-02-02,994.030029296875,976.43115234375,983.77001953125
2025-02-09,994.0399780273438,958.8300170898438,962.0700073242188
2025-02-16,964.239990234375,948.1099853515625,952.4400024414062
2025-02-23,953.2999877929688,937.203125,942.2899780273438
2025-03-02,957.25,936.2899780273438,952.239990234375
2025-03-09,955.6300048828125,924.1799926757812,928.510009765625
2025-03-16,943.22998046875,926.0800170898438,937.7000122070312
2025-03-23,932.530029296875,913.3828735351562,926.5499877929688
2025-03-30,941.8800048828125,916.0999755859375,932.72998046875
2025-04-06,964.4600219726562,919.93896484375,949.0599975585938
2025-04-13,1006.1799926757812,955.0399780273438,988.8900146484375
2025-04-20,973.5499877929688,959.4176025390625,968.9000244140625
2025-04-27,961.5800170898438,920.6303100585938,936.739990234375
2025-05-04,960.8699951171875,923.6619262695312,947.260009765625
2025-05-11,948.4299926757812,922.8054809570312,941.010009765625
2025-05-18,945.8900146484375,934.1599731445312,938.9199829101562
2025-05-25,945.8300170898438,924.7693481445312,942.4500122070312
2025-06-01,943.72998046875,928.3485717773438,938.4299926757812
2025-06-08,942.0399780273438,920.4908447265625,930.260009765625
2025-06-15,943.3800048828125,929.6099853515625,929.6099853515625
2025-06-22,945.9600219726562,934.22998046875,940.5800170898438
2025-06-29,951.8699951171875,930.02001953125,930.75
2025-07-06,941.7999877929688,916.0660400390625,927.2899780273438
2025-07-13,953.77001953125,918.4603881835938,949.5599975585938
2025-07-20,971.4199829101562,955.8099975585938,964.4500122070312
2025-07-27,963.5,947.7100219726562,949.75
2025-08-03,982.25,935.5687255859375,972.2000122070312
2025-08-10,975.6099853515625,949.112060546875,969.8300170898438
2025-08-17,970.8499755859375,952.1400146484375,965.510009765625
2025-08-24,974.9299926757812,959.780029296875,970.4299926757812
2025-08-31,968.5900268554688,958.739990234375,967.8200073242188
2025-09-07,973.1400146484375,954.2828369140625,971.739990234375
2025-09-14,970.0399780273438,951.2999877929688,952.3400268554688
2025-09-21,955.2999877929688,939.5125122070312,955.0599975585938
2025-09-28,960.0999755859375,948.0900268554688,959.1300048828125
2025-10-05,965.3300170898438,955.9299926757812,961.469970703125
2025-10-12,964.47998046875,947.6799926757812,950.4600219726562
2025-10-19,961.1799926757812,947.030029296875,954.969970703125
2025-10-26,960.6500244140625,932.3246459960938,946.9400024414062
2025-11-02,943.030029296875,936.3400268554688,942.02001953125
2025-11-09,946.6500244140625,929.6790771484375,942.0
2025-11-16,942.6699829101562,925.97998046875,929.3800048828125
2025-11-23,936.8300170898438,921.030029296875,930.1500244140625
2025-11-30,942.0800170898438,924.780029296875,926.8800048828125
2025-12-07,929.1900024414062,916.239990234375,917.22998046875
2025-12-14,928.1699829101562,911.0999755859375,913.75
2025-12-21,918.530029296875,907.47998046875,910.6400146484375
2025-12-28,910.510009765625,900.4000244140625,903.8499755859375
2026-01-04,915.8499755859375,896.2999877929688,899.6400146484375
2026-01-11,905.010009765625,891.1799926757812,896.489990234375
2026-01-18,896.6400146484375,880.72998046875,882.510009765625
2026-01-25,893.2999877929688,870.030029296875,871.25
2026-02-01,867.530029296875,853.3499755859375,859.1599731445312
2026-02-08,870.5399780273438,854.3499755859375,866.2100219726562
2026-02-15,863.6500244140625,851.760009765625,856.6099853515625
2026-02-22,869.7000122070312,860.010009765625,865.02001953125
2026-03-01,874.4400024414062,854.72998046875,865.1699829101562
2026-03-08,915.6300048828125,873.489990234375,905.6699829101562
2026-03-15,923.780029296875,885.97998046875,915.7000122070312
2026-03-22,924.1099853515625,904.5499877929688,912.489990234375
2026-03-29,938.75,905.8400268554688,928.0399780273438
2026-04-05,934.6099853515625,910.4600219726562,916.5
2026-04-12,923.5,885.9000244140625,891.6199951171875
2026-04-19,901.1400146484375,874.0499877929688,886.1199951171875
2026-04-26,896.6199951171875,867.0746459960938,894.469970703125
2026-05-03,906.3499755859375,877.5286865234375,900.469970703125
2026-05-10,912.5700073242188,881.2460327148438,890.469970703125
2026-05-17,934.0277709960938,876.9818115234375,894.2999877929688
2026-05-24,907.6500244140625,895.3499755859375,898.3400268554688
2026-05-31,900.4000244140625,888.6199951171875,890.969970703125
2026-06-07,911.3499755859375,886.4500122070312,895.6300048828125
2026-06-14,922.97998046875,895.4299926757812,906.02001953125
2026-06-21,901.3099975585938,881.5399780273438,900.1799926757812
2026-06-28,923.6300048828125,901.2100219726562,919.8300170898438
2026-07-05,928.030029296875,894.489990234375,924.739990234375
2026-07-12,938.0,909.4823608398438,926.9600219726562
2026-07-19,935.8900146484375,898.5498657226562,924.1300048828125
2026-07-26,947.02001953125,931.0,941.8900146484375
2026-08-02,948.1300048828125,922.2000122070312,925.0499877929688
2026-08-09,929.530029296875,905.780029296875,915.3800048828125
2026-08-16,915.1599731445312,887.6358032226562,914.0
2026-08-23,926.5700073242188,912.47998046875,922.27001953125
2026-08-30,931.9500122070312,909.260009765625,922.6699829101562
2026-09-06,938.9000244140625,928.780029296875,932.6400146484375
2026-09-13,943.760009765625,923.6300048828125,940.3200073242188
