fecha,real,Naive,MediaMovil,GARCH,EGARCH
2024-10-20,0.01751424413167072,0.00963962976467422,0.01482765329929172,0.016127476117963925,0.017299881854279255
2024-10-27,0.028068892922494006,0.01751424413167072,0.014584388861021754,0.020299204888255942,0.0202256072961943
2024-11-03,0.019750415401263825,0.028068892922494006,0.01642412407335522,0.020127381210182427,0.020544454871774764
2024-11-10,0.018422479527125106,0.019750415401263825,0.016237862524882043,0.019529367856095835,0.020778556004204654
2024-11-17,0.03265427769557739,0.018422479527125106,0.01687785109693729,0.024469556205944282,0.025073067958901976
2024-11-24,0.017435954387941932,0.03265427769557739,0.01950385619894745,0.022241036763076052,0.022581478193511507
2024-12-01,0.014644160919698586,0.017435954387941932,0.019965993548337925,0.020234928902192736,0.020039382597301467
2024-12-08,0.026152791560686128,0.014644160919698586,0.019766256843805723,0.021921491631515574,0.02229807834518359
2024-12-15,0.017953188764459456,0.026152791560686128,0.021830402068307213,0.020728611797763884,0.02084678241873271
2024-12-22,0.02524380789831939,0.017953188764459456,0.0218852701474058,0.022099951947564013,0.022533262942236253
2024-12-29,0.023202810602594375,0.02524380789831939,0.021532134519383975,0.022057650688070415,0.021705017734900776
2025-01-05,0.020533231918946057,0.023202810602594375,0.021963683919550295,0.022358053039691617,0.022679050101274308
2025-01-12,0.010782209884095,0.020533231918946057,0.022227527968527915,0.019816840967268455,0.020353262355115632
2025-01-19,0.008317889072916161,0.010782209884095,0.019493519492092617,0.017342096101355106,0.01750170889889927
2025-01-26,0.02003512667251674,0.008317889072916161,0.018353761327714394,0.018263398326465393,0.01927631995228234
2025-02-02,0.03138363549098379,0.02003512667251674,0.019027632046816664,0.022772681613391348,0.02323967291062943
2025-02-09,0.01696409679033372,0.03138363549098379,0.01968148753810387,0.02136010199783521,0.0222169344509882
2025-02-16,0.021608405723993095,0.01696409679033372,0.019557851041338156,0.021522716648243952,0.02223587081427726
2025-02-23,0.03362789494689841,0.021608405723993095,0.019103425769547367,0.025245939216870874,0.02514554477045554
2025-03-02,0.02134016425207325,0.03362789494689841,0.02040656131258537,0.024174854995689964,0.024275286190097223
2025-03-09,0.02147594855777286,0.02134016425207325,0.020507427854226268,0.023609944150905404,0.02493913675453937
2025-03-16,0.033468510753488924,0.02147594855777286,0.021844145188436005,0.026590886587106795,0.026056548009998307
2025-03-23,0.025644645016204524,0.033468510753488924,0.0249879728985076,0.026317822475269502,0.025461771221713586
2025-03-30,0.02298242131031324,0.025644645016204524,0.02568916269146857,0.02528528552478374,0.026035561095890628
2025-04-06,0.03425733440647776,0.02298242131031324,0.024639010918884752,0.02770929095968373,0.028822775680512155
2025-04-13,0.04404166393030347,0.03425733440647776,0.02680066562090276,0.03373362256908133,0.033399217908471564
2025-04-20,0.019069075076786967,0.04404166393030347,0.02960482289669155,0.030863340727945075,0.030241136820367956
2025-04-27,0.017410410794101484,0.019069075076786967,0.027784970412927625,0.02874479090848178,0.028708763886075798
2025-05-04,0.01141246331529269,0.017410410794101484,0.027293751230681153,0.02454348762542286,0.024705693339392917
2025-05-11,0.013277510045550736,0.01141246331529269,0.026035815575371133,0.021911696594649067,0.02216985116021013
2025-05-18,0.015661665068227575,0.013277510045550736,0.02351194048687886,0.020361171099509,0.02074770471282969
2025-05-25,0.004082652150192531,0.015661665068227575,0.02226406799338174,0.01697769516767726,0.01674201799136098
2025-06-01,0.0034131011674556344,0.004082652150192531,0.019901596848366652,0.01429207245432218,0.0136142364734673
2025-06-08,0.02682079456407359,0.0034131011674556344,0.016046067693488885,0.01903420975613608,0.017695251009287455
2025-06-15,0.008202046052123407,0.02682079456407359,0.01389345902271015,0.016794798074125122,0.01591181718577845
2025-06-22,0.030943397473651435,0.008202046052123407,0.012535080394627206,0.021716045460982315,0.02027634620696667
2025-06-29,0.017363755927289726,0.030943397473651435,0.014226703729570949,0.0206721412967715,0.02013134336221146
2025-07-06,0.01864254030424371,0.017363755927289726,0.014970615306070578,0.020172792458415675,0.019873247772883226
2025-07-13,0.013712989767290627,0.01864254030424371,0.0156412440884072,0.018317668813658077,0.018359476442267934
2025-07-20,0.03419627339244729,0.013712989767290627,0.015397659675790081,0.02390028164658244,0.02129147880977241
2025-07-27,0.011233392076569624,0.03419627339244729,0.01916186233107193,0.02108246502406498,0.018877602238110816
2025-08-03,0.03572858770708304,0.011233392076569624,0.020139398694711173,0.026484655689413748,0.024775896062781414
2025-08-10,0.034554719947703746,0.03572858770708304,0.02125287283758736,0.02864363127247971,0.026860676094610937
2025-08-17,0.019121895857982237,0.034554719947703746,0.0245469570745349,0.02629010597747012,0.02539772828615615
2025-08-24,0.005963963727653338,0.019121895857982237,0.02306926937257625,0.02241558680553551,0.020607798812469134
2025-08-31,0.012516977682272834,0.005963963727653338,0.0216442953476217,0.019966580265026505,0.018524687883678753
2025-09-07,0.009486555847612705,0.012516977682272834,0.02087860001987534,0.017606573420503292,0.016959161930110912
2025-09-14,0.013050693057482405,0.009486555847612705,0.020350295779915602,0.01688988452971838,0.01721572799648059
2025-09-21,0.019194885105029785,0.013050693057482405,0.01770709823804499,0.017624113499352344,0.018432619611551133
2025-09-28,0.011780415319585721,0.019194885105029785,0.01870228486660251,0.016144679012538556,0.017216090076448743
2025-10-05,0.007332686516126526,0.011780415319585721,0.015708763318165345,0.014316185319284545,0.014962607538923683
2025-10-12,0.022915715361984116,0.007332686516126526,0.012306009139218194,0.017386540656215466,0.017663604483572053
2025-10-19,0.01246128594766851,0.022915715361984116,0.01278023657721843,0.01614409891447505,0.017044831844034217
2025-10-26,0.012547179735283341,0.01246128594766851,0.013592401854720325,0.015288085144142876,0.015981526040006997
2025-11-02,0.019805152207382947,0.012547179735283341,0.013596177111346638,0.01671240750008926,0.016858945828495942
2025-11-09,0.019763098771289237,0.019805152207382947,0.01488600165631792,0.01760147961700347,0.018392337727827432
2025-11-16,0.016575252658290292,0.019763098771289237,0.015725052370543773,0.01727948921300515,0.018212160497458725
2025-11-23,0.01625089878833349,0.016575252658290292,0.015397598314701336,0.01711004370962181,0.01781296593827544
2025-11-30,0.014947966776218312,0.01625089878833349,0.015956408748294806,0.01657283120677556,0.017798085831722047
2025-12-07,0.008667649921547425,0.014947966776218312,0.01690831878080628,0.014906811825796243,0.015999035436750277
2025-12-14,0.012169821567509396,0.008667649921547425,0.015127310600751695,0.014579915748859045,0.01566634328954516
2025-12-21,0.010647878590926503,0.012169821567509396,0.015090877553231805,0.013857414500490764,0.015288440801648802
2025-12-28,0.004553355772570113,0.010647878590926503,0.0148534649101872,0.012592991169483161,0.01375758467325047
2026-01-04,0.0186157560328938,0.004553355772570113,0.012946990355835596,0.015550080442030633,0.01560003222988648
2026-01-11,0.013800158343756044,0.0186157560328938,0.012803572513536166,0.015039821828228193,0.015577923631750736
2026-01-18,0.013610407190239296,0.013800158343756044,0.012456685724219384,0.014982841367648096,0.015199469937250043
2026-01-25,0.01329356623297742,0.013610407190239296,0.012126624274457612,0.014864122717445454,0.0154558270033822
2026-02-01,0.009859505013450101,0.01329356623297742,0.0119198242065525,0.013837713600628503,0.015021778664813443
2026-02-08,0.013699634538206724,0.009859505013450101,0.012068806093040334,0.014031376086928251,0.015459876180624806
2026-02-15,0.012393366715472044,0.013699634538206724,0.012260032714377499,0.013700790473368987,0.015201704395255563
2026-02-22,0.009976288549049306,0.012393366715472044,0.012478218729945693,0.012986103608835363,0.01453836513583158
2026-03-01,0.01306130519080465,0.009976288549049306,0.01315608532700559,0.013499953335506753,0.014909782022874487
2026-03-08,0.02779071948768456,0.01306130519080465,0.012461778971744449,0.019302479989829133,0.020205568676213637
2026-03-15,0.037486120790365327,0.02779071948768456,0.014210599114735514,0.026949571633121058,0.02616227048723009
2026-03-22,0.012742104652827865,0.037486120790365327,0.017195063314751267,0.02371787023233836,0.023171568534486164
2026-03-29,0.02846478676075563,0.012742104652827865,0.017126130617232574,0.02506847073163289,0.025394497949497125
2026-04-05,0.018926025256285877,0.02846478676075563,0.019451790835645764,0.023536492188216393,0.024576974222789073
2026-04-12,0.022645829494108514,0.018926025256285877,0.020105089675405658,0.02378491915865633,0.02410290840464134
2026-04-19,0.010422185487396025,0.022645829494108514,0.021386647522735218,0.020705157825091077,0.020393856396863818
2026-04-26,0.017564178054346173,0.010422185487396025,0.021442384640028556,0.01995092266642542,0.020387419780393178
2026-05-03,0.016115883369328846,0.017564178054346173,0.022005243747971248,0.019206903945722293,0.019709638672118442
2026-05-10,0.01955930978134794,0.016115883369328846,0.02054588923317678,0.01963494952123136,0.020710848973280994
2026-05-17,0.03562737940514751,0.01955930978134794,0.018305037857049608,0.026235105153870522,0.025572235294201905
2026-05-24,0.010741385343900902,0.03562737940514751,0.021165697201089566,0.0228796175225526,0.022213981864528057
2026-05-31,0.005078631442860221,0.010741385343900902,0.018950272023982723,0.01931955662407854,0.01809503262846317
2026-06-07,0.007002491199371189,0.005078631442860221,0.017219347797304517,0.016763363270654558,0.0157262105561211
2026-06-14,0.025798863457819753,0.007002491199371189,0.015263930510462351,0.019843341471318453,0.0192892672979411
2026-06-21,0.020794353963449967,0.025798863457819753,0.017186015256765316,0.020524219857906936,0.02076921450310167
2026-06-28,0.011275100395796664,0.020794353963449967,0.01758978724540329,0.01836094559738283,0.01873033095789208
2026-07-05,0.004473588556902565,0.011275100395796664,0.016984689373711767,0.015653944997990554,0.015281856256030919
2026-07-12,0.014762809562716932,0.004473588556902565,0.015098974220656095,0.015817996915128828,0.016366678355653405
2026-07-19,0.007093556418197116,0.014762809562716932,0.012490902990352274,0.013920267562318466,0.014310018788120483
2026-07-26,0.012504812281891351,0.007093556418197116,0.012034924374639301,0.013488840849630061,0.01366175297199517
2026-08-02,0.014418120496372092,0.012504812281891351,0.012963196979518192,0.01436071466427292,0.014968706952980033
2026-08-09,0.011697257903465376,0.014418120496372092,0.013890150641643305,0.013954729152210814,0.01422483962321897
2026-08-16,0.004509969937893479,0.011697257903465376,0.012127449947349008,0.012085706696597403,0.01229417332357961
2026-08-23,0.009393570139675716,0.004509969937893479,0.010091901944154446,0.011650726763495605,0.01167596889729663
2026-08-30,0.012675527707800066,0.009393570139675716,0.009856710662139327,0.012338332443486833,0.012533605081901178
2026-09-06,0.011562854078988957,0.012675527707800066,0.010881953056001516,0.012277947627497385,0.012790318643392333
2026-09-13,0.01952135556874936,0.011562854078988957,0.01048195862053552,0.015554764381052246,0.01534924119445568
