ds,y,y_next,vol_realizada,retorno_1d,copper_ret_1d,ds_objetivo,cutoff,mu_pred,ret_objetivo_log,ventana
2025-07-14,0.0010663196268349,0.0010330792166959,0.0092519227838605,0.0124565562134367,0.0025202424496245,2025-07-15,2025-07-14,-0.017589157,-0.0316692451042209,1
2025-07-15,0.0010330792166959,0.0010342972696862,0.0103752241068805,-0.0316692451042209,-0.0084860909655818,2025-07-16,2025-07-15,-0.0021575321,0.0011783563751107,1
2025-07-16,0.0010342972696862,0.0010336665263334,0.0102125430556687,0.0011783563751107,0.0056053193852702,2025-07-17,2025-07-16,-0.0035084784,-0.0006100139408371,1
2025-07-17,0.0010336665263334,0.0010368603736253,0.0101798419721349,-0.0006100139408371,-0.0089654190685415,2025-07-18,2025-07-17,0.0048330664,0.0030850599672082,1
2025-07-18,0.0010368603736253,0.0010380012090585,0.010195644442041,0.0030850599672082,-0.0019121251718409,2025-07-21,2025-07-18,0.0010327816,0.0010996738844529,1
2025-07-21,0.0010380012090585,0.0010486357302911,0.0101950399258468,0.0010996738844529,0.016630897874152,2025-07-22,2025-07-21,0.0006948275,0.0101930653175602,1
2025-07-22,0.0010486357302911,0.0010523768146177,0.0103349267207608,0.0101930653175602,0.0058095154505189,2025-07-23,2025-07-22,-0.0018738008,0.0035612241244975,1
2025-07-23,0.0010523768146177,0.0010547855648114,0.0098856370154179,0.0035612241244975,0.0152999082197381,2025-07-24,2025-07-23,-0.008508066,0.002286251184451,1
2025-07-24,0.0010547855648114,0.0010529086601737,0.0099069771213738,0.002286251184451,0.0170557647717516,2025-07-25,2025-07-24,-0.0038382593,-0.0017810032513966,1
2025-07-25,0.0010529086601737,0.0010673468223109,0.0097622966596328,-0.0017810032513966,-0.0031109817422887,2025-07-28,2025-07-25,-0.00094061,0.0136194769298882,1
2025-07-28,0.0010673468223109,0.0010432315165946,0.0098401061026245,0.0136194769298882,-0.0023395420911621,2025-07-29,2025-07-28,0.0010887808,-0.0228528406508198,1
2025-07-29,0.0010432315165946,0.0010414063256789,0.0106844576126209,-0.0228528406508198,-0.0296716618591123,2025-07-30,2025-07-29,0.001046801,-0.0017510872584872,1
2025-07-30,0.0010414063256789,0.0010189213774418,0.0106273087626153,-0.0017510872584872,0.0015180785029724,2025-07-31,2025-07-30,0.009040925,-0.0218274412542099,1
2025-07-31,0.0010189213774418,0.0010285949263977,0.0114778744857806,-0.0218274412542099,-0.0059962980094913,2025-08-01,2025-07-31,0.0043007755,0.009449127133881,1
2025-08-01,0.0010285949263977,0.001056062792421,0.0118061321131562,0.009449127133881,-0.251712046899755,2025-08-04,2025-08-01,-0.013956759,0.0263539242215048,1
2025-08-04,0.001056062792421,0.0010348966859303,0.0134358590735313,0.0263539242215048,0.0187583627880434,2025-08-05,2025-08-04,-0.009512404,-0.0202460446583797,1
2025-08-05,0.0010348966859303,0.0010348217780971,0.0139245899051566,-0.0202460446583797,0.0005664247692132,2025-08-06,2025-08-05,-0.0044727223,-7.238456295824952e-05,1
2025-08-06,0.0010348217780971,0.0010263252681857,0.0139247520082229,-7.238456295824952e-05,-0.0116187932840617,2025-08-07,2025-08-06,-0.007074763,-0.0082444947860625,1
2025-08-07,0.0010263252681857,0.0010311085266268,0.0139737109966559,-0.0082444947860625,0.0061679125353316,2025-08-08,2025-08-07,0.009057055,0.0046497409258375,1
2025-08-08,0.0010311085266268,0.0010332926592074,0.0140372206500102,0.0046497409258375,-0.0028507481716754,2025-08-11,2025-08-08,0.0038064292,0.0021159970363623,1
2025-08-11,0.0010332926592074,0.001032321999277,0.0136996956724895,0.0021159970363623,0.0174331198292759,2025-08-12,2025-08-11,0.007936104,-0.0009398267947601,1
2025-08-12,0.001032321999277,0.0010456423124675,0.0117279733505573,-0.0009398267947601,-0.0072080645852464,2025-08-13,2025-08-12,0.015232832,0.0128207164777177,1
2025-08-13,0.0010456423124675,0.001049736521515,0.0120752476352777,0.0128207164777177,0.0190332742175072,2025-08-14,2025-08-13,-0.014485951,0.0039078511163937,1
2025-08-14,0.001049736521515,0.0010357220431539,0.0120947368685996,0.0039078511163937,-0.0058951786648026,2025-08-15,2025-08-14,0.0050465255,-0.013440391065364,1
2025-08-15,0.0010357220431539,0.0010377750366711,0.0124864902101161,-0.013440391065364,-0.0039121324246721,2025-08-18,2025-08-15,0.005302511,0.0019802238527753,1
2025-08-18,0.0010377750366711,0.0010376780888736,0.0124923266520225,0.0019802238527753,0.0030193399399282,2025-08-19,2025-08-18,0.004468022,-9.342325912089772e-05,1
2025-08-19,0.0010376780888736,0.0010383784918756,0.0122596936391838,-9.342325912089772e-05,-0.0047007104843415,2025-08-20,2025-08-19,0.007867193,0.0006747436799823,1
2025-08-20,0.0010383784918756,0.0010354432005306,0.0122259989837858,0.0006747436799823,-0.0108279561164003,2025-08-21,2025-08-20,0.00934032,-0.0028308058652312,1
2025-08-21,0.0010354432005306,0.0010304710360844,0.0122144243532942,-0.0028308058652312,0.0038483801407969,2025-08-22,2025-08-21,-0.004118849,-0.0048135338423425,1
2025-08-22,0.0010304710360844,0.0010421877393329,0.0122443903733964,-0.0048135338423425,0.0012418493801091,2025-08-25,2025-08-22,-0.007604722,0.0113060849156613,1
2025-08-25,0.0010421877393329,0.0010393605800931,0.0121084213324472,0.0113060849156613,0.0036040742935226,2025-08-26,2025-08-25,-0.010993275,-0.0027164019704417,1
2025-08-26,0.0010393605800931,0.0010351431216148,0.0109989218851824,-0.0027164019704417,0.0042628685813748,2025-08-27,2025-08-26,-0.003298774,-0.0040659983254778,1
2025-08-27,0.0010351431216148,0.0010328764758789,0.0110284009295025,-0.0040659983254778,-0.0035886086139926,2025-08-28,2025-08-27,-0.00028887155,-0.0021920939688402,1
2025-08-28,0.0010328764758789,0.0010332499766818,0.0098189461288071,-0.0021920939688402,-0.0081218210527722,2025-08-29,2025-08-28,-0.0043244553,0.000361546900003,1
2025-08-29,0.0010332499766818,0.0010352395308843,0.0095996154256529,0.000361546900003,0.0110385858296412,2025-09-01,2025-08-29,-0.0028101485,0.0019236789055567,1
2025-09-01,0.0010352395308843,0.0010341689183384,0.0074029168887196,0.0019236789055567,0.0122468306693877,2025-09-02,2025-09-01,0.00260951,-0.0010347040400069,1
2025-09-02,0.0010341689183384,0.0010276013574072,0.0058590188170589,-0.0010347040400069,0.0,2025-09-03,2025-09-02,0.010258598,-0.0063708195057081,1
2025-09-03,0.0010276013574072,0.0010331539376035,0.0060279587059093,-0.0063708195057081,0.0112237356170585,2025-09-04,2025-09-03,0.014172508,0.005388891778711,1
2025-09-04,0.0010331539376035,0.0010290818635124,0.0058566669610098,0.005388891778711,-0.0024102020135148,2025-09-05,2025-09-04,-0.0014385356,-0.0039491889155116,1
2025-09-05,0.0010290818635124,0.0010344363638223,0.0058385817183217,-0.0039491889155116,-0.015586431517168,2025-09-08,2025-09-05,0.0045435056,0.0051896922999305,1
2025-09-08,0.0010344363638223,0.0010308853476674,0.0059395175720854,0.0051896922999305,-0.0012262060033473,2025-09-09,2025-09-08,-0.0023877108,-0.0034387084920389,1
2025-09-09,0.0010308853476674,0.0010344792097397,0.0059876415217971,-0.0034387084920389,0.0017831046647887,2025-09-10,2025-09-09,-0.0010912047,0.0034801272120229,1
2025-09-10,0.0010344792097397,0.0010401605849481,0.0052478694709792,0.0034801272120229,0.0023355300255342,2025-09-11,2025-09-10,-0.002579676,0.0054769887526017,1
2025-09-11,0.0010401605849481,0.0010500451223308,0.0053289168090619,0.0054769887526017,0.0108276966747339,2025-09-12,2025-09-11,-0.005920428,0.00945802705703,1
2025-09-12,0.0010500451223308,0.0010640642813286,0.0048293365439033,0.00945802705703,0.0088616491270666,2025-09-15,2025-09-12,-0.0047390754,0.0132626669825995,1
2025-09-15,0.0010640642813286,0.0010514473091349,0.0055877875950711,0.0132626669825995,-0.0004357457445816,2025-09-16,2025-09-15,-0.0063637844,-0.0119281991623115,1
2025-09-16,0.0010514473091349,0.0010556763609681,0.0063167318844184,-0.0119281991623115,0.014496124151625,2025-09-17,2025-09-16,-0.0009774163,0.0040140572398672,1
2025-09-17,0.0010556763609681,0.0010508175198679,0.006361143875818,0.0040140572398672,-0.0048447182133374,2025-09-18,2025-09-17,-0.0037174532,-0.0046132103790455,1
2025-09-18,0.0010508175198679,0.0010470546379874,0.0064272161527856,-0.0046132103790455,-0.0134725631556488,2025-09-19,2025-09-18,0.0037902289,-0.0035873357695125,1
2025-09-19,0.0010470546379874,0.0010471862079747,0.0063771361841159,-0.0035873357695125,-0.0065847932935611,2025-09-22,2025-09-19,0.005556816,0.0001256493375409,1
2025-09-22,0.0010471862079747,0.0010462549545287,0.0058780468285471,0.0001256493375409,0.0061470838975394,2025-09-23,2025-09-22,0.0036498709,-0.0008896868219728,1
2025-09-23,0.0010462549545287,0.0010547521560971,0.0058437960456638,-0.0008896868219728,0.0008751230140683,2025-09-24,2025-09-23,0.0049669924,0.00808873787692,1
2025-09-24,0.0010547521560971,0.0010504091235828,0.0059926340328929,0.00808873787692,0.0025115780623503,2025-09-25,2025-09-24,-0.0013555726,-0.0041260864122366,1
2025-09-25,0.0010504091235828,0.0010426115280609,0.0060610197164845,-0.0041260864122366,0.0359897946923935,2025-09-26,2025-09-25,0.0067328853,-0.0074510794642172,1
2025-09-26,0.0010426115280609,0.0010421986116062,0.0063389753562969,-0.0074510794642172,-0.0111083392863963,2025-09-29,2025-09-26,0.0014286137,-0.0003961190059879,1
2025-09-29,0.0010421986116062,0.001036333862696,0.0063318293722169,-0.0003961190059879,0.0032924609806411,2025-09-30,2025-09-29,-0.0012153962,-0.0056431781042654,1
2025-09-30,0.001036333862696,0.0010403012606795,0.0064667151240447,-0.0056431781042654,0.0262663983907431,2025-10-01,2025-09-30,-0.0008028808,0.0038209917243848,1
2025-10-01,0.0010403012606795,0.0010421551901637,0.0063297016335028,0.0038209917243848,-0.0074643208088281,2025-10-02,2025-10-01,-0.011805794,0.0017805222032235,1
2025-10-02,0.0010421551901637,0.0010400740849646,0.0062371914848019,0.0017805222032235,0.0052930013391957,2025-10-03,2025-10-02,0.0015190241,-0.0019989209804238,1
2025-10-03,0.0010400740849646,0.0010555915458611,0.0061800452083701,-0.0019989209804238,0.0138769022067896,2025-10-06,2025-10-03,-0.00565399,0.0148093706089195,1
2025-10-06,0.0010555915458611,0.0010401173331579,0.006894708158285,0.0148093706089195,0.0321442553514948,2025-10-07,2025-10-06,0.0036931226,-0.014767789634275,2
2025-10-07,0.0010401173331579,0.0010426332905224,0.0076982013952328,-0.014767789634275,-0.0141366413249618,2025-10-08,2025-10-07,-0.0053058686,0.0024159960003905,2
2025-10-08,0.0010426332905224,0.0010521110932733,0.0076797808765722,0.0024159960003905,0.0121575730093704,2025-10-09,2025-10-08,0.009499297,0.0090491875767699,2
2025-10-09,0.0010521110932733,0.001052122106014,0.0078440367386742,0.0090491875767699,-0.0003962463037207,2025-10-10,2025-10-09,-0.00058511144,1.046722454904217e-05,2
2025-10-10,0.001052122106014,0.0010559327255361,0.007560022502344,1.046722454904217e-05,0.0058291935222696,2025-10-13,2025-10-10,0.006281193,0.0036152984406182,2
2025-10-13,0.0010559327255361,0.0010454236712785,0.0069598460563538,0.0036152984406182,-0.0457557121546094,2025-10-14,2025-10-13,-0.0057338765,-0.0100022460618114,2
2025-10-14,0.0010454236712785,0.0010407451999883,0.0068032680745564,-0.0100022460618114,0.0506692627393086,2025-10-15,2025-10-14,0.003089948,-0.004485235301737,2
2025-10-15,0.0010407451999883,0.0010426224091781,0.0067858765601946,-0.004485235301737,-0.023808263054996,2025-10-16,2025-10-15,0.005645208,0.0018020916611794,2
2025-10-16,0.0010426224091781,0.0010471533458415,0.0067432644622304,0.0018020916611794,-0.0017081338268076,2025-10-17,2025-10-16,0.0012747474,0.0043362966120087,2
2025-10-17,0.0010471533458415,0.0010409618222931,0.006778292326276,0.0043362966120087,-0.0028197276557006,2025-10-20,2025-10-17,-0.006929169,-0.0059302683953542,2
2025-10-20,0.0010409618222931,0.0010520225267919,0.0069066534148497,-0.0059302683953542,-0.0053592776413097,2025-10-21,2025-10-20,0.0006143845,0.010569412496249,2
2025-10-21,0.0010520225267919,0.0010515799854496,0.0073180464416293,0.010569412496249,0.0133946685130556,2025-10-22,2025-10-21,-0.003679357,-0.0004207461687778,2
2025-10-22,0.0010515799854496,0.0010529086601737,0.0070834465933902,-0.0004207461687778,-0.0136989081812145,2025-10-23,2025-10-22,-0.0027730744,0.0012627056966095,2
2025-10-23,0.0010529086601737,0.0010560331144758,0.0070265290630199,0.0012627056966095,0.0062683731636311,2025-10-24,2025-10-23,-0.0012216778,0.0029630562831452,2
2025-10-24,0.0010560331144758,0.0010741670943491,0.0068188335236646,0.0029630562831452,0.0240975149630041,2025-10-27,2025-10-24,0.0066420273,0.0170260221182671,2
2025-10-27,0.0010741670943491,0.0010639429450205,0.0077313470488472,0.0170260221182671,0.0022604026481397,2025-10-28,2025-10-27,-0.0129539035,-0.009563798935137,2
2025-10-28,0.0010639429450205,0.0010614584714091,0.0079683532909591,-0.009563798935137,0.0091851203485773,2025-10-29,2025-10-28,0.0072638327,-0.0023378875386211,2
2025-10-29,0.0010614584714091,0.001063252904931,0.007985383884065,-0.0023378875386211,0.0,2025-10-30,2025-10-29,0.006342081,0.0016891084299933,2
2025-10-30,0.001063252904931,0.0010615485650693,0.0079849437862448,0.0016891084299933,0.0179299066835026,2025-10-31,2025-10-30,0.007237137,-0.0016042347967872,2
2025-10-31,0.0010615485650693,0.0010766696001707,0.007977620931039,-0.0016042347967872,-0.0301627742372471,2025-11-03,2025-10-31,0.010282789,0.0141438207042589,2
2025-11-03,0.0010766696001707,0.0010654960084219,0.007918248439241,0.0141438207042589,-0.0024646902180882,2025-11-04,2025-11-03,-0.008532832,-0.0104321468318521,2
2025-11-04,0.0010654960084219,0.0010566468205726,0.0075131624322125,-0.0104321468318521,-0.0036588128332634,2025-11-05,2025-11-04,-0.009107407,-0.0083399090954334,2
2025-11-05,0.0010566468205726,0.0010599733078743,0.007801370693525,-0.0083399090954334,-0.0242666700483384,2025-11-06,2025-11-05,-0.008006279,0.003143209304055,2
2025-11-06,0.0010599733078743,0.0010615711252653,0.0075759290461642,0.003143209304055,0.0074830367750562,2025-11-07,2025-11-06,0.0011130162,0.0015062778494243,2
2025-11-07,0.0010615711252653,0.0010752738276289,0.0075795520450992,0.0015062778494243,-0.0035323091084347,2025-11-10,2025-11-07,-0.005544562,0.0128253481131695,2
2025-11-10,0.0010752738276289,0.0010667349349245,0.0080475100757059,0.0128253481131695,-0.0015176195049082,2025-11-11,2025-11-10,-0.0047580404,-0.0079728319375742,2
2025-11-11,0.0010667349349245,0.0010687985579569,0.007914402535057,-0.0079728319375742,0.0297278129771929,2025-11-12,2025-11-11,0.0033685612,0.00193265400108,2
2025-11-12,0.0010687985579569,0.0010758240586408,0.0078093211712836,0.00193265400108,-0.0075970632916709,2025-11-13,2025-11-12,-0.006106183,0.0065517595129652,2
2025-11-13,0.0010758240586408,0.0010759861356454,0.0078961724413671,0.0065517595129652,0.0080884026144595,2025-11-14,2025-11-13,-0.0056835804,0.000150642473334,2
2025-11-14,0.0010759861356454,0.0010890194285346,0.0078743608255268,0.000150642473334,-0.0003930146523044,2025-11-17,2025-11-14,6.433425e-05,0.0120401079343136,2
2025-11-17,0.0010890194285346,0.0010829894898989,0.0080228080162131,0.0120401079343136,-0.0074973432960609,2025-11-18,2025-11-17,-0.00408181,-0.005552421149032,2
2025-11-18,0.0010829894898989,0.0010730764822425,0.0079532407259698,-0.005552421149032,-0.0098513137839929,2025-11-19,2025-11-18,0.00340703,-0.0091955233616299,2
2025-11-19,0.0010730764822425,0.0010730189247294,0.0082965236350352,-0.0091955233616299,-0.0075282472031733,2025-11-20,2025-11-19,0.016631102,-5.363928642374457e-05,2
2025-11-20,0.0010730189247294,0.0010750953864995,0.0082996491608771,-5.363928642374457e-05,0.0091269480004112,2025-11-21,2025-11-20,0.0017082526,0.0019332885647612,2
2025-11-21,0.0010750953864995,0.0010654506240306,0.0082896654414487,0.0019332885647612,-0.0097317171017257,2025-11-24,2025-11-21,0.00029978383,-0.0090115584442819,2
2025-11-24,0.0010654506240306,0.0010631059538475,0.0076421900852244,-0.0090115584442819,0.0098315927428302,2025-11-25,2025-11-24,0.0009635772,-0.0022030620710634,2
2025-11-25,0.0010631059538475,0.0010695644482104,0.0073496647245227,-0.0022030620710634,-0.0093276251287352,2025-11-26,2025-11-25,-0.0014719386,0.0060567391007263,2
2025-11-26,0.0010695644482104,0.0010802635700693,0.0074505012102273,0.0060567391007263,0.0075290032502236,2025-11-27,2025-11-26,-0.0029245855,0.0099535498660915,2
2025-11-27,0.0010802635700693,0.0010788883077981,0.0077500666719677,0.0099535498660915,0.0207846007616192,2025-11-28,2025-11-27,-0.0071079317,-0.0012738913563965,2
2025-11-28,0.0010788883077981,0.0010780857424279,0.0077450377495881,-0.0012738913563965,0.0,2025-12-01,2025-11-28,0.0037268754,-0.0007441586115997,2
2025-12-01,0.0010780857424279,0.0010760787831009,0.0070832352737206,-0.0007441586115997,0.0157438292466849,2025-12-02,2025-12-01,0.0031951896,-0.0018633301996165,2
2025-12-02,0.0010760787831009,0.0010828839107337,0.0066614246264272,-0.0018633301996165,0.0064394893457422,2025-12-03,2025-12-02,0.005394019,0.006304092413852,2
2025-12-03,0.0010828839107337,0.001088790883237,0.006440452365981,0.006304092413852,-0.0111754707905999,2025-12-04,2025-12-03,-0.0030484512,0.0054400291307247,2
2025-12-04,0.001088790883237,0.0010902391126475,0.0064966632002248,0.0054400291307247,0.0280848174419795,2025-12-05,2025-12-04,-0.0042191925,0.0013292424853931,2
2025-12-05,0.0010902391126475,0.001085328523194,0.0064965470524936,0.0013292424853931,-0.0031133561458664,2025-12-08,2025-12-05,0.00927218,-0.0045143140686768,2
2025-12-08,0.001085328523194,0.0010837876181101,0.0060217093824209,-0.0045143140686768,0.0169582697809186,2025-12-09,2025-12-08,0.0029282537,-0.0014207679466875,2
2025-12-09,0.0010837876181101,0.0010802869327545,0.0057085646528065,-0.0014207679466875,-0.0032568630065428,2025-12-10,2025-12-09,0.0040166,-0.0032352752428749,2
2025-12-10,0.0010802869327545,0.0010830363808075,0.0057708843759892,-0.0032352752428749,-0.0233862750952552,2025-12-11,2025-12-10,0.0017322416,0.0025418757484306,2
2025-12-11,0.0010830363808075,0.00109439124487,0.005618474298842,0.0025418757484306,0.0066565190818472,2025-12-12,2025-12-11,0.008869551,0.0104297078434402,2
2025-12-12,0.00109439124487,0.0010992030777686,0.0060540672790533,0.0104297078434402,0.0283130759017393,2025-12-15,2025-12-12,-0.0017878846,0.0043871745717402,2
2025-12-15,0.0010992030777686,0.0010942954174175,0.0055284789858144,0.0043871745717402,-0.0267977097951513,2025-12-16,2025-12-15,0.0032772757,-0.0044747407402672,2
2025-12-16,0.0010942954174175,0.0010947626525302,0.0054716989255972,-0.0044747407402672,0.0103559252025541,2025-12-17,2025-12-16,0.0008692959,0.0004268823437894,2
2025-12-17,0.0010947626525302,0.0010900133184671,0.0049728317010441,0.0004268823437894,-0.0096937077586613,2025-12-18,2025-12-17,0.0010770584,-0.0043476691498142,2
2025-12-18,0.0010900133184671,0.0010981287708799,0.005111498341759,-0.0043476691498142,0.0143657579386246,2025-12-19,2025-12-18,-0.0023010517,0.0074176989356881,2
2025-12-19,0.0010981287708799,0.0010987320455152,0.0053191981244264,0.0074176989356881,0.0005591393541615,2025-12-22,2025-12-19,0.0016203804,0.0005492151764572,2
2025-12-22,0.0010987320455152,0.0010996866188462,0.00476743003973,0.0005492151764572,0.0135112097720423,2025-12-23,2025-12-22,0.002677842,0.0008684182011968,2
2025-12-23,0.0010996866188462,0.0011021469734246,0.0046894102254871,0.0008684182011968,-0.0003677218149657,2025-12-24,2025-12-23,0.004711551,0.0022348242946645,2
2025-12-24,0.0011021469734246,0.0011063783006153,0.0045787295245333,0.0022348242946645,0.0070554803600701,2025-12-26,2025-12-24,0.00076424505,0.003831817020846,2
2025-12-26,0.0011063783006153,0.0011044841760934,0.0041703012904675,0.003831817020846,0.0041004274057811,2025-12-29,2025-12-26,0.0016970003,-0.0017134715571694,2
2025-12-29,0.0011044841760934,0.0010937927262783,0.0041851264588453,-0.0017134715571694,0.0475900058416753,2025-12-30,2025-12-29,-0.0011944859,-0.0097271950626606,2
2025-12-30,0.0010937927262783,0.0011111851871093,0.0048334521897096,-0.0097271950626606,-0.0490459888301679,2025-12-31,2025-12-30,0.0013638764,0.0157759598813752,3
2025-12-31,0.0011111851871093,0.0011115557153055,0.0058409659319591,0.0157759598813752,0.0422598074930342,2026-01-02,2025-12-31,0.0053100153,0.0003333975626484,3
2026-01-02,0.0011115557153055,0.001103679670987,0.0057398693962797,0.0003333975626484,-0.0171696662066128,2026-01-05,2026-01-02,0.0019524087,-0.0071108267357403,3
2026-01-05,0.001103679670987,0.0011067823383911,0.0059465539169918,-0.0071108267357403,0.001774579358618,2026-01-06,2026-01-05,-0.002847654,0.0028072587798713,3
2026-01-06,0.0011067823383911,0.0011192818779287,0.0059642166338857,0.0028072587798713,0.0492122515058017,2026-01-07,2026-01-06,0.008918898,0.0112302878013885,3
2026-01-07,0.0011192818779287,0.0011175181820085,0.0062639322872898,0.0112302878013885,0.0144116388031032,2026-01-08,2026-01-07,-0.008024251,-0.0015769816152066,3
2026-01-08,0.0011175181820085,0.0011154614227634,0.0062679148935032,-0.0015769816152066,-0.0340994905089602,2026-01-09,2026-01-08,0.003343955,-0.0018421662449152,3
2026-01-09,0.0011154614227634,0.001117780528869,0.0062196981976883,-0.0018421662449152,-0.0108174651551501,2026-01-12,2026-01-09,0.0008031329,0.0020768971651526,3
2026-01-12,0.001117780528869,0.001131644187694,0.0062168687608034,0.0020768971651526,0.0187904518034645,2026-01-13,2026-01-12,-0.0025693371,0.0123265599992876,3
2026-01-13,0.001131644187694,0.0011292417297551,0.0063715463994237,0.0123265599992876,0.0218749330326478,2026-01-14,2026-01-13,0.0024248627,-0.0021252366823195,3
2026-01-14,0.0011292417297551,0.0011346358607674,0.0063919498636048,-0.0021252366823195,-0.0025094690573744,2026-01-15,2026-01-14,0.0015917941,0.004765400075374,3
2026-01-15,0.0011346358607674,0.0011331316233632,0.0062819201003446,0.004765400075374,0.0065114238888483,2026-01-16,2026-01-15,-0.00053918944,-0.0013266242111145,3
2026-01-16,0.0011331316233632,0.0011284261808924,0.006314393449983,-0.0013266242111145,-0.0102032952477668,2026-01-19,2026-01-16,0.0049970686,-0.0041612460684266,3
2026-01-19,0.0011284261808924,0.0011270272681578,0.0063050921367872,-0.0041612460684266,-0.0271818592347448,2026-01-20,2026-01-19,0.0059500984,-0.0012404715464846,3
2026-01-20,0.0011270272681578,0.0011304416822771,0.0061903344128405,-0.0012404715464846,0.0,2026-01-21,2026-01-20,0.011875708,0.0030249955130524,3
2026-01-21,0.0011304416822771,0.0011437067855235,0.0061993038969895,0.0030249955130524,-0.0026813265567879,2026-01-22,2026-01-21,0.008598845,0.0116661281184152,3
2026-01-22,0.0011437067855235,0.0011477761836441,0.00660537925451,0.0116661281184152,-0.0075636001842843,2026-01-23,2026-01-22,-0.001958753,0.0035517631623851,3
2026-01-23,0.0011477761836441,0.0011493724716734,0.0066147945770402,0.0035517631623851,0.0022663907619747,2026-01-26,2026-01-23,-0.0050260955,0.0013897997263228,3
2026-01-26,0.0011493724716734,0.0011566175516007,0.0066022784547232,0.0013897997263228,0.0289203580782759,2026-01-27,2026-01-26,-0.0019064452,0.0062837251623934,3
2026-01-27,0.0011566175516007,0.0011631288165164,0.0066136792025568,0.0062837251623934,0.0122742913300002,2026-01-28,2026-01-27,0.001181675,0.0056137878736946,3
2026-01-28,0.0011631288165164,0.0011595009475084,0.0060063497228358,0.0056137878736946,-0.0263296330609804,2026-01-29,2026-01-28,-0.0026089263,-0.0031239347868064,3
2026-01-29,0.0011595009475084,0.0011639275935306,0.0053539437678069,-0.0031239347868064,0.0109207008452449,2026-01-30,2026-01-29,0.0012953221,0.0038104476208944,3
2026-01-30,0.0011639275935306,0.0011548277672077,0.0053490492413519,0.0038104476208944,0.046909494425695,2026-02-02,2026-01-30,0.0021729486,-0.0078489289501485,3
2026-02-02,0.0011548277672077,0.0011559223878263,0.0054194921462621,-0.0078489289501485,-0.046146118104016,2026-02-03,2026-02-02,-0.00044167577,0.0009474158840519,3
2026-02-03,0.0011559223878263,0.0011627366466076,0.0054256520907437,0.0009474158840519,-0.0163272413557205,2026-02-04,2026-02-03,0.0036344144,0.0058777752989812,3
2026-02-04,0.0011627366466076,0.0011652159429476,0.0050760785775837,0.0058777752989812,0.0440057784171301,2026-02-05,2026-02-04,0.0056653377,0.0021300238574484,3
2026-02-05,0.0011652159429476,0.0011544544332593,0.0050095082471052,0.0021300238574484,-0.0397915610591698,2026-02-06,2026-02-05,0.0009681055,-0.0092785483702729,3
2026-02-06,0.0011544544332593,0.0011622636048473,0.0055621955356485,-0.0092785483702729,-0.0046452431480401,2026-02-09,2026-02-06,0.0034636208,0.0067416069079498,3
2026-02-09,0.0011622636048473,0.0011731994388921,0.0056747007070978,0.0067416069079498,0.0110612630306836,2026-02-10,2026-02-09,-0.006193954,0.0093650927179009,3
2026-02-10,0.0011731994388921,0.0011693718501847,0.0054227671115099,0.0093650927179009,0.0138038439305857,2026-02-11,2026-02-10,-0.005481574,-0.0032678553958578,3
2026-02-11,0.0011693718501847,0.0011707682380523,0.0054721267462411,-0.0032678553958578,-0.0082764196585656,2026-02-12,2026-02-11,0.0041374024,0.0011934225992313,3
2026-02-12,0.0011707682380523,0.0011673924155688,0.0054264944154149,0.0011934225992313,0.0089489789684389,2026-02-13,2026-02-12,0.0032450124,-0.0028875901439495,3
2026-02-13,0.0011673924155688,0.0011595546981569,0.0054812588836392,-0.0028875901439495,-0.0303777584629805,2026-02-16,2026-02-13,0.008686988,-0.0067365063912446,3
2026-02-16,0.0011595546981569,0.0011596622964866,0.005648678301715,-0.0067365063912446,0.0037186207526305,2026-02-17,2026-02-16,0.013856815,9.278849717437036e-05,3
2026-02-17,0.0011596622964866,0.0011551079261667,0.0056241801200006,9.278849717437036e-05,0.0,2026-02-18,2026-02-17,0.0028525838,-0.0039350568382454,3
2026-02-18,0.0011551079261667,0.0011606448181041,0.0057343670805987,-0.0039350568382454,-0.0279218389891496,2026-02-19,2026-02-18,0.0050511463,0.0047819461746143,3
2026-02-19,0.0011606448181041,0.0011560426087501,0.0052517414082193,0.0047819461746143,0.0280944486087246,2026-02-20,2026-02-19,0.0033983653,-0.0039731000001769,3
2026-02-20,0.0011560426087501,0.0011542012601815,0.0053085666865755,-0.0039731000001769,-0.0110210561814048,2026-02-23,2026-02-20,3.456144e-05,-0.0015940732346735,3
2026-02-23,0.0011542012601815,0.0011618990439933,0.0053199841537365,-0.0015940732346735,0.0174729526704826,2026-02-25,2026-02-23,0.004339239,0.0066472182937096,3
2026-02-25,0.0011618990439933,0.0011675013902558,0.0053424009338885,0.0066472182937096,0.0156545667392088,2026-02-26,2026-02-25,-0.005368474,0.0048101279471484,3
2026-02-26,0.0011675013902558,0.0011558422272537,0.0053026322763705,0.0048101279471484,0.0094938683394748,2026-02-27,2026-02-26,-0.0017071838,-0.010036622036189,3
2026-02-27,0.0011558422272537,0.001145265507761,0.0057373185157382,-0.010036622036189,-0.0054500265899209,2026-03-02,2026-02-27,0.0020275172,-0.0091927846887066,3
2026-03-02,0.001145265507761,0.0011329518748541,0.0059949262153915,-0.0091927846887066,0.0096222782919539,2026-03-03,2026-03-02,4.420383e-05,-0.0108099893457535,3
2026-03-03,0.0011329518748541,0.0011112099064254,0.0062106415573903,-0.0108099893457535,-0.0184894982919137,2026-03-04,2026-03-03,0.002874277,-0.0193770777989037,3
2026-03-04,0.0011112099064254,0.0011180929745081,0.0074265476724471,-0.0193770777989037,-0.0207411987513938,2026-03-05,2026-03-04,-0.0050822003,0.006175105243534,3
2026-03-05,0.0011180929745081,0.0011041549558557,0.0074433679461118,0.006175105243534,0.0140175238440753,2026-03-06,2026-03-05,-0.016926987,-0.012544236160939,3
2026-03-06,0.0011041549558557,0.0010978273819215,0.0077366948271327,-0.012544236160939,-0.0175745802217061,2026-03-09,2026-03-06,0.004665235,-0.0057471772069244,3
2026-03-09,0.0010978273819215,0.0010931112043831,0.0076178307177285,-0.0057471772069244,0.0006950803071056,2026-03-10,2026-03-09,0.001558638,-0.004305172999569,3
2026-03-10,0.0010931112043831,0.0011252517719933,0.0073054403671493,-0.004305172999569,0.0075276058723092,2026-03-11,2026-03-10,-0.005794106,0.0289788615808612,3
2026-03-11,0.0011252517719933,0.0011149017741187,0.0099132236535232,0.0289788615808612,0.0176859480809793,2026-03-12,2026-03-11,-0.019562721,-0.0092405018741891,3
2026-03-12,0.0011149017741187,0.0010920607040178,0.0100398414450679,-0.0092405018741891,-0.009957921186447,2026-03-13,2026-03-12,0.0011311802,-0.020699840533136,3
2026-03-13,0.0010920607040178,0.0010908574969521,0.0107943248235966,-0.020699840533136,-0.0035989598931909,2026-03-16,2026-03-13,0.004769173,-0.0011023841269135,3
2026-03-16,0.0010908574969521,0.0010996019647599,0.0108068524833614,-0.0011023841269135,-0.0190663775889668,2026-03-17,2026-03-16,0.0048838337,0.0079841826918281,3
2026-03-17,0.0010996019647599,0.0011026452785966,0.0110651744353027,0.0079841826918281,0.0132118762926652,2026-03-18,2026-03-17,-0.0030420385,0.0027638275249412,3
2026-03-18,0.0011026452785966,0.0010927409162243,0.0111160788849193,0.0027638275249412,-0.011114142119103,2026-03-19,2026-03-18,-0.00078084564,-0.0090229496672681,3
2026-03-19,0.0010927409162243,0.0010959024325769,0.01120798611117,-0.0090229496672681,-0.0305861588241427,2026-03-20,2026-03-19,0.005407144,0.002889021231607,3
2026-03-20,0.0010959024325769,0.001078109011008,0.0111486458113727,0.002889021231607,-0.0220268873083426,2026-03-23,2026-03-20,0.0012574417,-0.0163695724335195,3
2026-03-23,0.001078109011008,0.0010980805640209,0.0115505634023041,-0.0163695724335195,-0.0167977362357491,2026-03-24,2026-03-23,0.0035523374,0.0183551230626433,3
2026-03-24,0.0010980805640209,0.0010900846079707,0.0125417182371407,0.0183551230626433,0.0179933707470358,2026-03-25,2026-03-24,-0.011718353,-0.007308398600779,3
2026-03-25,0.0010900846079707,0.0010908813201155,0.0123938161500129,-0.007308398600779,-0.0031301298885793,2026-03-26,2026-03-25,-0.009873234,0.0007306048847249,3
2026-03-26,0.0010908813201155,0.0010775397867294,0.0122883420996378,0.0007306048847249,0.0194499438274912,2026-03-27,2026-03-26,-0.007140915,-0.0123054527518747,4
2026-03-27,0.0010775397867294,0.0010837524186649,0.0123631367737504,-0.0123054527518747,-0.0150337638464528,2026-03-30,2026-03-27,-0.012211141,0.005749013512571,4
2026-03-30,0.0010837524186649,0.001075014546553,0.0124526298331172,0.005749013512571,0.0037568529861707,2026-03-31,2026-03-30,0.0014798213,-0.0080952877002275,4
2026-03-31,0.001075014546553,0.0010797853557538,0.0123748220521112,-0.0080952877002275,0.0016448554664745,2026-04-01,2026-03-31,0.0036282267,0.0044280835460984,4
2026-04-01,0.0010797853557538,0.0010959384257055,0.0118106764503514,0.0044280835460984,0.0201571002328112,2026-04-02,2026-04-01,0.002614142,0.0148487293105964,4
2026-04-02,0.0010959384257055,0.0010911074740861,0.0122556601142186,0.0148487293105964,0.0065111903881707,2026-04-03,2026-04-02,-0.01838872,-0.0044177943196898,4
2026-04-03,0.0010911074740861,0.0010877013664912,0.0119845160209982,-0.0044177943196898,-0.0109055999591873,2026-04-06,2026-04-03,-0.005050266,-0.0031265802728235,4
2026-04-06,0.0010877013664912,0.0010917388473252,0.0119394548686496,-0.0031265802728235,0.0,2026-04-07,2026-04-06,-0.00430265,0.0037050664910369,4
2026-04-07,0.0010917388473252,0.0010911550706243,0.0119381488332257,0.0037050664910369,0.0036782360700273,2026-04-08,2026-04-07,0.0038574608,-0.000534864942375,4
2026-04-08,0.0010911550706243,0.0011145414461937,0.0097902194904149,-0.000534864942375,-0.0070093808000449,2026-04-09,2026-04-08,-0.0023127422,0.0212062283246688,4
2026-04-09,0.0011145414461937,0.0011215540313994,0.0108403999349031,0.0212062283246688,0.0380442473140937,2026-04-10,2026-04-09,-0.0014136749,0.0062721903118753,4
2026-04-10,0.0011215540313994,0.0011180179746774,0.0097552292369008,0.0062721903118753,-0.00199867658502,2026-04-13,2026-04-10,-0.0015248108,-0.0031577994820251,4
2026-04-13,0.0011180179746774,0.001117455758396,0.0097929837784812,-0.0031577994820251,0.0210878305979878,2026-04-14,2026-04-13,-0.011068894,-0.0005029952129929,4
2026-04-14,0.001117455758396,0.0011283752773417,0.0096679752062222,-0.0005029952129929,0.0178115957100108,2026-04-15,2026-04-14,-0.0063393596,0.0097243335050888,4
2026-04-15,0.0011283752773417,0.0011300073294603,0.0098654525048614,0.0097243335050888,0.0156895372913926,2026-04-16,2026-04-15,0.0028050574,0.001445328526525,4
2026-04-16,0.0011300073294603,0.0011285153314566,0.0095704181254419,0.001445328526525,0.0002470874559217,2026-04-17,2026-04-16,0.006862158,-0.0013212160732817,4
2026-04-17,0.0011285153314566,0.0011231916521851,0.0095886364852033,-0.0013212160732817,-0.0009061811693833,2026-04-20,2026-04-17,0.012239477,-0.0047285807875793,4
2026-04-20,0.0011231916521851,0.0011347904419393,0.0087671068221079,-0.0047285807875793,0.0060804956810176,2026-04-21,2026-04-20,0.0061587505,0.0102736791436549,4
2026-04-21,0.0011347904419393,0.0011211516439029,0.0081397651534792,0.0102736791436549,-0.0111208553845339,2026-04-22,2026-04-21,-0.0007571683,-0.0120915907328259,4
2026-04-22,0.0011211516439029,0.0011239364997829,0.0084798177574697,-0.0120915907328259,-0.0057320440236596,2026-04-23,2026-04-22,0.00505444,0.0024808445192994,4
2026-04-23,0.0011239364997829,0.0011179805166784,0.0084815221722745,0.0024808445192994,0.0195526182302608,2026-04-24,2026-04-23,0.0053824633,-0.0053133073818744,4
2026-04-24,0.0011179805166784,0.0011159344459348,0.0080140607505508,-0.0053133073818744,-0.0072977855745626,2026-04-27,2026-04-24,0.0035854317,-0.0018318256066053,4
2026-04-27,0.0011159344459348,0.001119144106129,0.0079988145398594,-0.0018318256066053,-0.0085958122251271,2026-04-28,2026-04-27,0.010601789,0.0028720801759456,4
2026-04-28,0.001119144106129,0.001122183326016,0.0076785663253018,0.0028720801759456,-0.0009134808991143,2026-04-29,2026-04-28,0.006440447,0.0027119837165809,4
2026-04-29,0.001122183326016,0.0011056199015901,0.0076597058774494,0.0027119837165809,-0.0173479961339073,2026-04-30,2026-04-29,0.0014637442,-0.0148700113406884,4
2026-04-30,0.0011056199015901,0.0011105312031884,0.0078996388132854,-0.0148700113406884,-0.0061053782620621,2026-05-01,2026-04-30,-0.00026590942,0.0044322876973405,4
2026-05-01,0.0011105312031884,0.0011120378092855,0.0078609958118007,0.0044322876973405,0.0080478443767945,2026-05-04,2026-05-01,-0.0038227946,0.0013557341251568,4
2026-05-04,0.0011120378092855,0.0010968280087457,0.0078043801653295,0.0013557341251568,0.001011982177909,2026-05-05,2026-05-04,0.0031597442,-0.0137718106815604,4
2026-05-05,0.0010968280087457,0.0011051921839761,0.0084498331002461,-0.0137718106815604,-0.0233659613274749,2026-05-06,2026-05-05,0.0067847106,0.0075968562725,4
2026-05-06,0.0011051921839761,0.001115921980816,0.008605175919706,0.0075968562725,0.0252185394683388,2026-05-07,2026-05-06,0.0042954963,0.0096617098549131,4
2026-05-07,0.001115921980816,0.0011230024963226,0.0074645456642553,0.0096617098549131,0.0320404983590366,2026-05-08,2026-05-07,0.0033636366,0.006324946806847,4
2026-05-08,0.0011230024963226,0.0011208500618814,0.007466864728016,0.006324946806847,-0.0014676820261337,2026-05-11,2026-05-08,-0.0046878257,-0.0019185174119728,4
2026-05-11,0.0011208500618814,0.0011145538804896,0.0074438232302399,-0.0019185174119728,0.0196346167870453,2026-05-12,2026-05-11,0.0022582572,-0.0056331635834859,4
2026-05-12,0.0011145538804896,0.0010953382140866,0.0075542287704477,-0.0056331635834859,0.0259836550414483,2026-05-13,2026-05-12,0.0014068087,-0.0173910307741265,4
2026-05-13,0.0010953382140866,0.0011278789171316,0.0081056626431728,-0.0173910307741265,0.0110867207696673,2026-05-14,2026-05-13,-0.0015891765,0.0292756174562547,4
2026-05-14,0.0011278789171316,0.0011181930153749,0.0106308377345395,0.0292756174562547,0.0229421776398646,2026-05-15,2026-05-14,-0.008107813,-0.0086248010659839,4
2026-05-15,0.0011181930153749,0.0011139206908048,0.0107993104460822,-0.0086248010659839,-0.0103007559935629,2026-05-18,2026-05-15,-0.003922726,-0.0038280574824655,4
2026-05-18,0.0011139206908048,0.0011104941699056,0.0107824382035235,-0.0038280574824655,-0.0493118043030063,2026-05-19,2026-05-18,0.003648134,-0.0030808314311899,4
2026-05-19,0.0011104941699056,0.0011049357122181,0.0104954016730229,-0.0030808314311899,0.003273801195157,2026-05-20,2026-05-19,0.005424179,-0.0050179600770107,4
2026-05-20,0.0011049357122181,0.0011139206908048,0.0102204557330624,-0.0050179600770107,-0.0172071264664082,2026-05-21,2026-05-20,0.006018581,0.0080987915082005,4
2026-05-21,0.0011139206908048,0.001113164247507,0.0103891119403944,0.0080987915082005,0.0201524544565522,2026-05-22,2026-05-21,0.009711395,-0.0006793125074635,4
2026-05-22,0.001113164247507,0.0011152872361556,0.010326368542208,-0.0006793125074635,-0.0053397527463154,2026-05-25,2026-05-22,0.004538636,0.0019053493481292,4
2026-05-25,0.0011152872361556,0.0011151877145301,0.0103294004546029,0.0019053493481292,0.013493345180274,2026-05-26,2026-05-25,0.001864628,-8.92380571551493e-05,4
2026-05-26,0.0011151877145301,0.0011187809548574,0.0103068260777756,-8.92380571551493e-05,0.0,2026-05-27,2026-05-26,0.0007745737,0.003216914789604,4
2026-05-27,0.0011187809548574,0.0011185306614213,0.0103148905361131,0.003216914789604,0.0029914299727304,2026-05-28,2026-05-27,0.004939903,-0.0002237448152711,4
2026-05-28,0.0011185306614213,0.0011223722828849,0.0097175828560068,-0.0002237448152711,-0.0088426651012281,2026-05-29,2026-05-28,0.001421938,0.0034286404386523,4
2026-05-29,0.0011223722828849,0.0011241007502741,0.0096992190643533,0.0034286404386523,0.0143298384669936,2026-06-01,2026-05-29,0.002496803,0.0015388279358532,4
2026-06-01,0.0011241007502741,0.0011211516439029,0.0097001255226434,0.0015388279358532,-0.0057230335454064,2026-06-02,2026-06-01,-0.0055005327,-0.0026269724284238,4
2026-06-02,0.0011211516439029,0.0011238480711607,0.0091385814221723,-0.0026269724284238,0.0255379633740988,2026-06-03,2026-06-02,-0.002064045,0.002402163827752,4
2026-06-03,0.0011238480711607,0.0011173683465724,0.0090171261421727,0.002402163827752,0.0190539373216507,2026-06-04,2026-06-03,0.0018715009,-0.0057823444370895,4
2026-06-04,0.0011173683465724,0.0011165324905911,0.0088819034184752,-0.0057823444370895,-0.025666836602769,2026-06-05,2026-06-04,0.0022071279,-0.0007483376221556,4
2026-06-05,0.0011165324905911,0.0010937807509007,0.0087594930002971,-0.0007483376221556,0.0046182670707891,2026-06-08,2026-06-05,-0.0047286595,-0.0205876188660648,4
2026-06-08,0.0010937807509007,0.0010835175513773,0.0098670135996382,-0.0205876188660648,-0.0387539098678824,2026-06-09,2026-06-08,-0.0015361989,-0.0094275327613645,4
2026-06-09,0.0010835175513773,0.001091190825259,0.0099919731864604,-0.0094275327613645,0.0104821070262589,2026-06-10,2026-06-09,-0.0128444955,0.0070568594922684,4
2026-06-10,0.001091190825259,0.0010926812299253,0.0094129301767103,0.0070568594922684,-0.0042749316704882,2026-06-11,2026-06-10,-0.0025479898,0.001364919610696,4
2026-06-11,0.0010926812299253,0.0011037283707233,0.0064019920655564,0.001364919610696,-0.0085248812184181,2026-06-12,2026-06-11,-0.018054202,0.0100593568250681,4
2026-06-12,0.0011037283707233,0.0011122109822959,0.0066779681363526,0.0100593568250681,0.0015989373612835,2026-06-15,2026-06-12,-0.013067505,0.007656033541639,4
2026-06-15,0.0011122109822959,0.0011236334178893,0.0068810531261362,0.007656033541639,0.0270319005629957,2026-06-16,2026-06-15,-0.000111927686,0.0102176474961993,4
2026-06-16,0.0011236334178893,0.0011296116270571,0.007210146232362,0.0102176474961993,0.0080539497301391,2026-06-17,2026-06-16,-0.0098802345,0.0053063231703128,4
2026-06-17,0.0011296116270571,0.0011282225165504,0.0071570417536358,0.0053063231703128,0.0010021613364065,2026-06-18,2026-06-17,-0.008505673,-0.001230480711705,4
2026-06-18,0.0011282225165504,0.001110888942363,0.0069789868359465,-0.001230480711705,-0.0011564235248321,2026-06-19,2026-06-18,-0.0057385983,-0.0154828562753051,5
2026-06-19,0.001110888942363,0.0011096192625677,0.0078559550616716,-0.0154828562753051,-0.0166463631322671,2026-06-22,2026-06-19,-0.011036703,-0.0011435940032603,5
2026-06-22,0.0011096192625677,0.0011038136613783,0.0078445199642463,-0.0011435940032603,0.0,2026-06-23,2026-06-22,-0.0058109006,-0.0052458011625336,5
2026-06-23,0.0011038136613783,0.0010947267365891,0.0079231408223711,-0.0052458011625336,-0.0028276900662744,2026-06-24,2026-06-23,0.0033106485,-0.0082663721278068,5
2026-06-24,0.0010947267365891,0.0010890636578447,0.0080536553356073,-0.0082663721278068,-0.0344903730096613,2026-06-25,2026-06-24,-0.009899667,-0.0051864789343863,5
2026-06-25,0.0010890636578447,0.0010871573893226,0.0081019735803832,-0.0051864789343863,-0.0327735323777381,2026-06-26,2026-06-25,0.002804867,-0.0017519075207347,5
2026-06-26,0.0010871573893226,0.0010846104736406,0.0080241032106573,-0.0017519075207347,0.0212269276095828,2026-06-29,2026-06-26,-0.0124167595,-0.0023454779795204,5
2026-06-29,0.0010846104736406,0.0010848810855379,0.0079912282298692,-0.0023454779795204,0.0116280543407627,2026-06-30,2026-06-29,-0.004431802,0.0002494703402356,5
2026-06-30,0.0010848810855379,0.0010851047582413,0.0080012146086096,0.0002494703402356,-0.0071901852926039,2026-07-01,2026-06-30,-0.01017517,0.0002061513026302,5
2026-07-01,0.0010851047582413,0.0010810109643041,0.0079577120483373,0.0002061513026302,0.0154600747786719,2026-07-02,2026-07-01,-0.0031401732,-0.0037798523584768,5
2026-07-02,0.0010810109643041,0.0010813850493764,0.007916853670035,-0.0037798523584768,-0.0112050935633902,2026-07-03,2026-07-02,0.0034899816,0.0003459912741838,5
2026-07-03,0.0010813850493764,0.0010859649568175,0.0079272172132855,0.0003459912741838,-0.0014708001647411,2026-07-06,2026-07-03,0.009458138,0.0042262802454515,5
2026-07-06,0.0010859649568175,0.0010780741085145,0.0066355002120129,0.0042262802454515,0.0,2026-07-07,2026-07-06,-0.001227107,-0.0072927364405053,5
2026-07-07,0.0010780741085145,0.0010793424759473,0.0064976760709463,-0.0072927364405053,0.0103315830403225,2026-07-08,2026-07-07,0.0029513896,0.0011758207367714,5
2026-07-08,0.0010793424759473,0.0010699078046914,0.0062789039036526,0.0011758207367714,-0.0010526365940761,2026-07-09,2026-07-08,-0.006692251,-0.0087795562418488,5
2026-07-09,0.0010699078046914,0.0010787951759471,0.0065214820633362,-0.0087795562418488,-0.0191401393561612,2026-07-10,2026-07-09,0.0020444868,0.0082723596675688,5
2026-07-10,0.0010787951759471,0.001078899959291,0.0063717413309762,0.0082723596675688,0.0261639352903259,2026-07-13,2026-07-10,-0.0019389929,9.712525395375912e-05,5
2026-07-13,0.001078899959291,0.0010746910263299,0.0060378151173879,9.712525395375912e-05,0.0029722239006344,2026-07-14,2026-07-13,-0.0022857208,-0.0039087629434039,5
2026-07-14,0.0010746910263299,0.0010810226616897,0.005383179651776,-0.0039087629434039,-8.024741299155112e-05,2026-07-15,2026-07-14,-0.010288666,0.0058742991727787,5
2026-07-15,0.0010810226616897,0.0010816891886538,0.0054263367498133,0.0058742991727787,0.0154424981014605,2026-07-16,2026-07-15,0.0016866801,0.0006163807583491,5
2026-07-16,0.0010816891886538,0.0010820988331904,0.0054592883602121,0.0006163807583491,-0.0057828778397664,2026-07-17,2026-07-16,0.0011693754,0.0003786364813543,5
2026-07-17,0.0010820988331904,0.001070686760864,0.0044775802903485,0.0003786364813543,0.000397165457432,2026-07-20,2026-07-17,0.004548022,-0.0106022441417343,5
2026-07-20,0.001070686760864,0.0010709160279996,0.0049349222980112,-0.0106022441417343,-0.0121446387011527,2026-07-21,2026-07-20,-0.004796446,0.0002141079920777,5
2026-07-21,0.0010709160279996,0.0010704689920401,0.004884204215358,0.0002141079920777,0.0126209837061465,2026-07-22,2026-07-21,0.0055500753,-0.0004175204008718,5
2026-07-22,0.0010704689920401,0.0010684445556248,0.0046212486554411,-0.0004175204008718,0.0331022215500219,2026-07-23,2026-07-22,0.00043733604,-0.0018929582469774,5
2026-07-23,0.0010684445556248,0.0010616950858888,0.0045264387045802,-0.0018929582469774,-0.0092578876111877,2026-07-24,2026-07-23,-0.00034277112,-0.0063371360189481,5
2026-07-24,0.0010616950858888,0.001057093637695,0.0046823229196247,-0.0063371360189481,-0.0228922484741691,2026-07-27,2026-07-24,0.00028036418,-0.0043434773620843,5
2026-07-27,0.001057093637695,0.0010637845446727,0.0047294628391623,-0.0043434773620843,0.0023762931297229,2026-07-28,2026-07-27,0.0017431165,0.0063095836723365,5
2026-07-28,0.0010637845446727,0.001070228381145,0.0050182507316101,0.0063095836723365,0.0030018274868015,2026-07-29,2026-07-28,-0.0038743285,0.0060391912150155,5
2026-07-29,0.001070228381145,0.0010696217055387,0.0052548559933261,0.0060391912150155,-0.0026854447899488,2026-07-30,2026-07-29,-0.010721527,-0.0005670262850002,5
2026-07-30,0.0010696217055387,0.0010810226616897,0.0052042997226446,-0.0005670262850002,-0.0077012108721984,2026-07-31,2026-07-30,-0.0056552296,0.010602462336483,5
2026-07-31,0.0010810226616897,0.001083482297821,0.0057697304540274,0.010602462336483,0.0268926419822215,2026-08-03,2026-07-31,0.0044439286,0.0022727018288374,5
2026-08-03,0.001083482297821,0.0010814786289486,0.0057103480767427,0.0022727018288374,-0.0013198401493381,2026-08-04,2026-08-03,-0.008511406,-0.0018509982510119,5
2026-08-04,0.0010814786289486,0.0010935415173676,0.0054751134055422,-0.0018509982510119,0.0120464885062851,2026-08-05,2026-08-04,0.0015960076,0.011092322177891,5
2026-08-05,0.0010935415173676,0.0010946667600269,0.0059963761595998,0.011092322177891,0.015915095845989,2026-08-06,2026-08-05,-0.007109708,0.0010284603802187,5
2026-08-06,0.0010946667600269,0.0010924424770759,0.0055702343292846,0.0010284603802187,0.0126864042894861,2026-08-07,2026-08-06,0.003219824,-0.0020339941692097,5
2026-08-07,0.0010924424770759,0.0010958904109589,0.0053483653135679,-0.0020339941692097,-0.0023898847824607,2026-08-10,2026-08-07,7.1228133e-06,0.0031511994861785,5
2026-08-10,0.0010958904109589,0.0010929081308789,0.0053759217170737,0.0031511994861785,-0.0175753954113028,2026-08-11,2026-08-10,-0.0040977667,-0.0027250401245161,5
2026-08-11,0.0010929081308789,0.0010946667600269,0.0053278706813426,-0.0027250401245161,0.0036460606918222,2026-08-12,2026-08-11,0.0041061253,0.0016078348075472,5
2026-08-12,0.0010946667600269,0.001093984148848,0.0051995799368095,0.0016078348075472,0.0026502001102386,2026-08-13,2026-08-12,0.0009864116,-0.0006237734837156,5
2026-08-13,0.001093984148848,0.0010940919037199,0.0052071041027338,-0.0006237734837156,-0.0022711594833249,2026-08-14,2026-08-13,-5.795271e-06,9.849280317364396e-05,5
2026-08-14,0.0010940919037199,0.0010951703282636,0.0052080088553141,9.849280317364396e-05,-0.0006823476740331,2026-08-17,2026-08-14,0.0019451779,0.0009851945693597,5
2026-08-17,0.0010951703282636,0.0010931470873308,0.0044980783392046,0.0009851945693597,0.0010612446835852,2026-08-18,2026-08-17,0.0034665111,-0.0018491298336195,5
2026-08-18,0.0010931470873308,0.0010834940487515,0.0045436303669033,-0.0018491298336195,0.0006816241669075,2026-08-19,2026-08-18,0.0008730035,-0.0088697228996598,5
2026-08-19,0.0010834940487515,0.0010855877688501,0.0050499549769623,-0.0088697228996598,-0.0185692897212071,2026-08-20,2026-08-19,0.002254956,0.0019305133922233,5
2026-08-20,0.0010855877688501,0.0010842811528322,0.0050227237653344,0.0019305133922233,0.000771027692472,2026-08-21,2026-08-20,0.008892234,-0.0012043272870269,5
2026-08-21,0.0010842811528322,0.0010856230876196,0.004763517728973,-0.0012043272870269,-0.0042479541927562,2026-08-24,2026-08-21,-0.004071337,0.0012368609945642,5
2026-08-24,0.0010856230876196,0.0010962628370444,0.0045911302920847,0.0012368609945642,0.0183294610572777,2026-08-25,2026-08-24,0.0023970506,0.0097528781325621,5
2026-08-25,0.0010962628370444,0.0010955662199702,0.0048451618368822,0.0097528781325621,0.00295933417596,2026-08-26,2026-08-25,-0.00021252653,-0.0006356491127136,5
2026-08-26,0.0010955662199702,0.0010878788884831,0.0047451626187485,-0.0006356491127136,0.0166062891783018,2026-08-27,2026-08-26,-0.006972732,-0.0070414989784149,5
2026-08-27,0.0010878788884831,0.0010838111334736,0.0050790064981404,-0.0070414989784149,-0.0172884299934216,2026-08-28,2026-08-27,0.00030831364,-0.0037461697807143,5
2026-08-28,0.0010838111334736,0.0010735257694671,0.0046211299899929,-0.0037461697807143,-0.0011379846746806,2026-08-31,2026-08-28,0.005657503,-0.0095353135831741,5
2026-08-31,0.0010735257694671,0.0010706293894563,0.005065723322464,-0.0095353135831741,-0.0038025897147118,2026-09-01,2026-08-31,0.002158144,-0.0027016531527133,5
2026-09-01,0.0010706293894563,0.0010687871236201,0.0050815494145557,-0.0027016531527133,0.0047889323652282,2026-09-02,2026-09-01,-0.00031043176,-0.0017222137721099,5
2026-09-02,0.0010687871236201,0.0010665529287957,0.0042883947496978,-0.0017222137721099,-0.0132826946225971,2026-09-03,2026-09-02,0.00015978597,-0.0020925900183014,5
2026-09-03,0.0010665529287957,0.0010722250646482,0.0042618511563651,-0.0020925900183014,-0.000845641397578,2026-09-04,2026-09-03,-0.0058416044,0.0053041027801576,5
2026-09-04,0.0010722250646482,0.0010746217359692,0.0045043864964603,0.0053041027801576,0.01162273570603,2026-09-07,2026-09-04,-0.003978026,0.002232737162196,5
2026-09-07,0.0010746217359692,0.0010707899049294,0.0044650552349744,0.002232737162196,0.003036282965223,2026-09-08,2026-09-07,0.00047257415,-0.0035721211177204,5
2026-09-08,0.0010707899049294,0.0010817476801087,0.0044864464084577,-0.0035721211177204,0.0,2026-09-09,2026-09-08,-0.004356817,0.0101813505251889,5
2026-09-09,0.0010817476801087,0.001079692068975,0.0051163533289228,0.0101813505251889,0.021296504010858,2026-09-10,2026-09-09,0.0073719416,-0.0019020763861866,5
