unique_id,ds,y,y_next,nhits_h1,nhits_h2,vol_garch,macd,rsi,precio_min_ventana,precio_max_ventana
USDCOP,2019-12-22,3312.0,3287.5,3313.5862,3382.6665,0.026442990402658784,-13.806168229285788,47.018674119248814,3312.0,3510.860107421875
USDCOP,2019-12-29,3287.5,3252.75,3276.6614,3248.8503,0.026324778812282065,-19.995327810143728,43.61186352663785,3287.5,3510.860107421875
USDCOP,2020-01-05,3252.75,3255.14990234375,3278.4023,3283.8872,0.02705229192769985,-25.42726825377857,35.67330312815531,3252.75,3510.860107421875
USDCOP,2020-01-12,3255.14990234375,3321.10009765625,3269.551,3352.6272,0.026488035479466047,-27.671073251673143,35.80864298095369,3252.75,3510.860107421875
USDCOP,2020-01-19,3321.10009765625,3359.570068359375,3285.4832,3196.7805,0.026690581904066736,-23.680293545506775,39.87077380363173,3252.75,3510.860107421875
USDCOP,2020-01-26,3359.570068359375,3413.25,3327.783,3369.0776,0.027067137932759076,-17.69075175419396,43.482617044988395,3252.75,3510.860107421875
USDCOP,2020-02-02,3413.25,3378.699951171875,3375.7334,3331.9453,0.02683765080414422,-9.751421312808402,53.131766850905855,3252.75,3510.860107421875
USDCOP,2020-02-09,3378.699951171875,3374.800048828125,3316.788,3350.8904,0.026396893494951515,-6.61459971061198,50.31928137062611,3252.75,3510.860107421875
USDCOP,2020-02-16,3374.800048828125,3402.64990234375,3415.6204,3394.0103,0.026345655914523414,-4.681238225462685,54.31135870139216,3252.75,3510.860107421875
USDCOP,2020-02-23,3402.64990234375,3500.25,3391.026,3359.9236,0.02713012198839894,-1.566667496001692,45.88810670493064,3252.75,3457.14990234375
USDCOP,2020-03-01,3500.25,3540.25,3506.5383,3496.198,0.027866106042569658,6.57985974363941,54.95541932239743,3252.75,3500.25
USDCOP,2020-03-08,3540.25,4023.25,3582.2144,3645.935,0.029409120630473948,13.762364919848,52.36059598376501,3252.75,3540.25
USDCOP,2020-03-15,4023.25,4087.0,4019.9343,4033.3535,0.06588961677616095,48.20397881077726,76.91101933720381,3252.75,4023.25
USDCOP,2020-03-22,4087.0,3980.0,4005.9175,4150.986,0.03345397888346355,71.06016546124157,84.7569595437618,3252.75,4087.0
USDCOP,2020-03-29,3980.0,4038.260009765625,4328.6997,4141.278,0.03332231127302138,74.39784510418474,81.00055970614295,3255.14990234375,4087.0
USDCOP,2020-04-05,4038.260009765625,3827.0,4016.439,4071.0269,0.0283067935168493,75.7036760165919,83.78271667218522,3321.10009765625,4087.0
USDCOP,2020-04-12,3827.0,3972.760009765625,3686.5925,3835.171,0.030752282323301006,58.29484770444242,72.29802802118046,3359.570068359375,4087.0
USDCOP,2020-04-19,3972.760009765625,4020.239990234375,3840.3218,3848.2825,0.029905421079368274,52.719950933253855,75.07320226447194,3374.800048828125,4087.0
USDCOP,2020-04-26,4020.239990234375,3952.75,3945.9302,3913.6636,0.026450184589129316,48.46241718942932,74.74726682100886,3374.800048828125,4087.0
USDCOP,2020-05-03,3952.75,3919.090087890625,3943.9775,3925.2922,0.029157830727313688,37.806197432514125,70.57395357706753,3374.800048828125,4087.0
USDCOP,2020-05-10,3919.090087890625,3940.260009765625,3984.1555,3885.8418,0.028096859201837396,25.77081047531678,67.79172718403066,3402.64990234375,4087.0
USDCOP,2020-05-17,3940.260009765625,3769.0400390625,4109.8794,4139.6875,0.027148157974374986,16.942278130142455,69.93921882194988,3500.25,4087.0
USDCOP,2020-05-24,3769.0400390625,3698.260009765625,3739.5686,3698.294,0.02826726046385129,-1.7299419827176052,62.51158525312916,3540.25,4087.0
USDCOP,2020-05-31,3698.260009765625,3586.739990234375,3778.5498,3773.2158,0.02747782492956558,-19.17938094950324,59.13261988185707,3698.260009765625,4087.0
USDCOP,2020-06-07,3586.739990234375,3768.0,3709.2231,3738.574,0.026914156000154597,-37.503893270606795,52.649247955274404,3586.739990234375,4087.0
USDCOP,2020-06-14,3768.0,3748.75,3821.9531,3868.3965,0.03400384950539656,-36.646266960300096,56.420521353513834,3586.739990234375,4038.260009765625
USDCOP,2020-06-21,3748.75,3730.25,3813.6328,3320.313,0.02613632118378523,-36.52316210407001,39.52177986000858,3586.739990234375,4038.260009765625
USDCOP,2020-06-28,3730.25,3644.239990234375,3726.3113,3768.9846,0.026240746575618205,-36.735787503020944,35.89485934126948,3586.739990234375,4020.239990234375
USDCOP,2020-07-05,3644.239990234375,3621.699951171875,3604.922,3623.698,0.030900167185480488,-41.37229876392797,36.500697799922925,3586.739990234375,4020.239990234375
USDCOP,2020-07-12,3621.699951171875,3638.969970703125,3515.333,3590.8206,0.02644971848447121,-44.393761305941695,32.75684691316404,3586.739990234375,4020.239990234375
USDCOP,2020-07-19,3638.969970703125,3666.949951171875,3661.3691,3658.8606,0.026272420304930467,-43.602785242615326,40.727478494332374,3586.739990234375,3952.75
USDCOP,2020-07-26,3666.949951171875,3720.35009765625,3613.2932,3621.116,0.027143241814225134,-39.68084653882312,32.937179952421275,3586.739990234375,3940.260009765625
USDCOP,2020-08-02,3720.35009765625,3740.75,3676.4302,3719.9465,0.02634487621096901,-32.28937933151578,33.37731409871773,3586.739990234375,3940.260009765625
USDCOP,2020-08-09,3740.75,3770.25,3744.1816,3816.8557,0.027076545296313027,-25.143156258470228,37.60175858016012,3586.739990234375,3769.0400390625
USDCOP,2020-08-16,3770.25,3802.25,3774.6165,3740.2612,0.02620122024465765,-17.887210967689263,41.25293374773342,3586.739990234375,3770.25
USDCOP,2020-08-23,3802.25,3814.679931640625,3748.5928,3688.3376,0.02793988856430309,-10.742549826977665,41.991342604647976,3586.739990234375,3802.25
USDCOP,2020-08-30,3814.679931640625,3668.10009765625,3846.9226,3845.5862,0.026488158998707087,-5.266605977983637,53.246819110382575,3621.699951171875,3814.679931640625
USDCOP,2020-09-06,3668.10009765625,3708.25,3671.4714,3666.7168,0.026255286110044445,-11.259267930177593,48.06329521535856,3621.699951171875,3814.679931640625
USDCOP,2020-09-13,3708.25,3713.3701171875,3698.1953,3704.524,0.02605214165302694,-12.183766885923383,58.59007510242574,3621.699951171875,3814.679931640625
USDCOP,2020-09-20,3713.3701171875,3825.25,3725.5276,3709.4895,0.026649392877665976,-12.090925482657582,44.85720116864659,3621.699951171875,3814.679931640625
USDCOP,2020-09-27,3825.25,3843.75,3811.207,3870.5566,0.02591196681815877,-4.524585254467571,56.132168521910664,3621.699951171875,3825.25
USDCOP,2020-10-04,3843.75,3837.75,3900.6038,3873.77,0.026774598723084537,1.3803856702703854,59.098053950808634,3638.969970703125,3843.75
USDCOP,2020-10-11,3837.75,3848.5,3874.3665,3866.5283,0.025865728445552884,4.367815226601419,67.79403187591231,3666.949951171875,3843.75
USDCOP,2020-10-18,3848.5,3782.25,3804.9563,3746.8909,0.02601441609481621,6.428971116073676,71.31740822348085,3668.10009765625,3848.5
USDCOP,2020-10-25,3782.25,3859.5,3770.6917,3760.5625,0.02669659714354317,2.8728943788566923,62.331747165090235,3668.10009765625,3848.5
USDCOP,2020-11-01,3859.5,3752.25,3879.9883,3913.0112,0.026614287565706597,5.1337473242323455,65.27666455277668,3668.10009765625,3859.5
USDCOP,2020-11-08,3752.25,3642.300048828125,3729.473,3697.4504,0.029316087654438574,-0.8640383682381909,52.331661139480666,3668.10009765625,3859.5
USDCOP,2020-11-15,3642.300048828125,3648.199951171875,3647.323,3631.227,0.025812763504706092,-11.89410018361486,43.636974726268306,3642.300048828125,3859.5
USDCOP,2020-11-22,3648.199951171875,3615.949951171875,3643.7947,3627.1748,0.02572005156648328,-18.079705049530965,41.86343337438099,3642.300048828125,3859.5
USDCOP,2020-11-29,3615.949951171875,3466.75,3600.1096,3606.5332,0.025757540430750275,-23.29806886144816,37.5842929350944,3615.949951171875,3859.5
USDCOP,2020-12-06,3466.75,3418.699951171875,3480.6184,3538.9753,0.029035170265992796,-35.04700112106272,30.387917450739323,3466.75,3859.5
USDCOP,2020-12-13,3418.699951171875,3412.35009765625,3443.144,3428.3772,0.0291717292270656,-43.73823905452225,34.18514751392934,3418.699951171875,3859.5
USDCOP,2020-12-20,3412.35009765625,3503.25,3412.7346,3432.5676,0.025694214252269473,-47.29646702794458,30.396182773958756,3412.35009765625,3859.5
USDCOP,2020-12-27,3503.25,3420.25,3522.2083,3505.2925,0.02594422016412403,-41.13684517005113,37.499985476110524,3412.35009765625,3859.5
USDCOP,2021-01-03,3420.25,3488.239990234375,3364.9204,3304.01,0.02631038439190544,-40.21328717443626,25.04927335340365,3412.35009765625,3859.5
USDCOP,2021-01-10,3488.239990234375,3444.68994140625,3429.6277,3398.6587,0.03146856887954112,-32.89252435212923,29.356967618300203,3412.35009765625,3859.5
USDCOP,2021-01-17,3444.68994140625,3480.0400390625,3447.3462,3545.0198,0.0267554922651316,-28.98913996166435,28.130273949230983,3412.35009765625,3859.5
USDCOP,2021-01-24,3480.0400390625,3558.260009765625,3493.3167,3558.025,0.025975005368385186,-22.33102888906349,30.045271962322715,3412.35009765625,3752.25
USDCOP,2021-01-31,3558.260009765625,3556.43994140625,3580.933,3551.587,0.027877476359125707,-11.508585606504909,38.024611688084875,3412.35009765625,3648.199951171875
USDCOP,2021-02-07,3556.43994140625,3524.75,3545.9685,3556.2126,0.026135034611705393,-3.725087841676327,32.37571621094382,3412.35009765625,3648.199951171875
USDCOP,2021-02-14,3524.75,3545.580078125,3521.5693,3537.1594,0.026817432387558668,-0.15210135533752123,35.49513661195381,3412.35009765625,3615.949951171875
USDCOP,2021-02-21,3545.580078125,3608.699951171875,3548.9746,3577.4043,0.025896487109664062,3.9465679970059995,43.042728306304355,3412.35009765625,3558.260009765625
USDCOP,2021-02-28,3608.699951171875,3643.14990234375,3637.6646,3662.3047,0.027745453471508114,10.849707053880586,47.3747867111558,3412.35009765625,3608.699951171875
USDCOP,2021-03-07,3643.14990234375,3554.25,3653.291,3670.7017,0.02709399752377569,17.294383320747144,51.80246774564611,3412.35009765625,3643.14990234375
USDCOP,2021-03-14,3554.25,3545.0,3545.8955,3551.2024,0.02587500537552761,15.202546532005222,56.302039300529906,3420.25,3643.14990234375
USDCOP,2021-03-21,3545.0,3666.25,3550.8784,3552.2593,0.026203765851044156,12.918267292987693,59.63505164085958,3420.25,3643.14990234375
USDCOP,2021-03-28,3666.25,3659.949951171875,3657.65,3661.6755,0.026132782331299426,18.931876330617065,66.48016150962053,3444.68994140625,3666.25
USDCOP,2021-04-04,3659.949951171875,3627.300048828125,3653.0942,3641.0635,0.026456093992233077,21.648101948745676,61.4259433782567,3444.68994140625,3666.25
USDCOP,2021-04-11,3627.300048828125,3610.25,3560.5771,3584.4695,0.02627841884817647,20.42427598860461,66.29366276333107,3480.0400390625,3666.25
USDCOP,2021-04-18,3610.25,3633.60009765625,3619.023,3626.7812,0.02751373672263204,17.744052160675295,60.43837790983051,3524.75,3666.25
USDCOP,2021-04-25,3633.60009765625,3713.360107421875,3641.1802,3628.7205,0.026061390841990405,16.829288808649906,66.74052804612204,3524.75,3666.25
USDCOP,2021-05-02,3713.360107421875,3801.0,3703.1243,3695.3342,0.025885914933350015,20.630626740325226,69.16733286829584,3524.75,3713.360107421875
USDCOP,2021-05-09,3801.0,3719.360107421875,3900.0818,3908.5547,0.027643613935944035,27.64450751553054,69.63725715197626,3545.0,3801.0
USDCOP,2021-05-16,3719.360107421875,3717.050048828125,3771.3826,3774.903,0.026561336890379227,25.43822084287411,61.67251177621947,3545.0,3801.0
USDCOP,2021-05-23,3717.050048828125,3719.9599609375,3773.7583,3805.8418,0.026536043361708655,22.57323485632251,64.38295580085276,3545.0,3801.0
USDCOP,2021-05-30,3719.9599609375,3659.25,3694.3333,3714.4338,0.02584177246691978,19.72725356766503,63.40188698929065,3545.0,3801.0
USDCOP,2021-06-06,3659.25,3602.489990234375,3659.4785,3652.7522,0.025502620924101528,12.9373410258557,53.89944566712983,3545.0,3801.0
USDCOP,2021-06-13,3602.489990234375,3727.25,3620.3538,3563.2725,0.02555598623561212,4.253977055286541,46.96784929459251,3602.489990234375,3801.0
USDCOP,2021-06-20,3727.25,3764.5,3692.7273,3696.386,0.028161993214891944,6.413518607756384,62.24622973847354,3602.489990234375,3801.0
USDCOP,2021-06-27,3764.5,3776.0,3750.4253,3730.0723,0.025655331986577084,9.656674453295917,64.94539632216436,3602.489990234375,3801.0
USDCOP,2021-07-04,3776.0,3839.25,3798.3645,3815.6353,0.026184867784512407,11.743692798420895,58.78576565871353,3602.489990234375,3801.0
USDCOP,2021-07-11,3839.25,3803.0,3844.8162,3824.6045,0.025890377584371002,16.272459457277762,63.15404105263421,3602.489990234375,3839.25
USDCOP,2021-07-18,3803.0,3868.449951171875,3771.7234,3780.2026,0.0255224808534552,15.707315446425078,62.822195370257205,3602.489990234375,3839.25
USDCOP,2021-07-25,3868.449951171875,3845.85009765625,3877.2056,3924.5056,0.02568013392408819,18.433485841147515,67.5995871634595,3602.489990234375,3868.449951171875
USDCOP,2021-08-01,3845.85009765625,3916.25,3850.356,3864.7056,0.026540998189058626,17.418531507352924,64.48232987040505,3602.489990234375,3868.449951171875
USDCOP,2021-08-08,3916.25,3857.25,3979.2483,4077.8691,0.02541276738388936,20.0072450525103,64.02278373105531,3602.489990234375,3916.25
USDCOP,2021-08-15,3857.25,3868.64990234375,3856.802,3824.6667,0.03092401703305505,16.41536314352664,54.0479883395447,3602.489990234375,3916.25
USDCOP,2021-08-22,3868.64990234375,3866.0,3862.5547,3859.2974,0.025705026833056154,13.593239494370664,61.95179729140728,3602.489990234375,3916.25
USDCOP,2021-08-29,3866.0,3793.25,3845.5042,3820.6982,0.02520249795222894,10.473918340117955,61.91810503968085,3602.489990234375,3916.25
USDCOP,2021-09-05,3793.25,3841.949951171875,3796.395,3814.3176,0.026326397971215408,2.8343428723175634,55.27471770571673,3727.25,3916.25
USDCOP,2021-09-12,3841.949951171875,3815.419921875,3831.9548,3843.1873,0.025840420910369706,0.5062308563102746,63.3803088879027,3764.5,3916.25
USDCOP,2021-09-19,3815.419921875,3832.25,3806.1528,3812.4548,0.025191610122894233,-3.172870694443816,66.31673237678558,3776.0,3916.25
USDCOP,2021-09-26,3832.25,3808.6201171875,3809.929,3832.963,0.025119806205739028,-4.731509357177629,59.64081853705599,3793.25,3916.25
USDCOP,2021-10-03,3808.6201171875,3770.580078125,3828.1863,3772.4373,0.025737546609625014,-7.450652665938293,54.154910407186556,3793.25,3916.25
USDCOP,2021-10-10,3770.580078125,3761.580078125,3763.0977,3757.218,0.02531054598251303,-11.657276781285624,49.513890470326295,3770.580078125,3916.25
USDCOP,2021-10-17,3761.580078125,3779.25,3738.9739,3723.7815,0.02557520695725644,-14.695870119714698,42.28285274603295,3761.580078125,3916.25
USDCOP,2021-10-24,3779.25,3777.75,3739.1677,3768.0938,0.02514374812239187,-15.107569342916534,47.54977522814695,3761.580078125,3916.25
USDCOP,2021-10-31,3777.75,3870.25,3792.3594,3803.1501,0.02534286962232533,-15.040146695658734,39.22033908141029,3761.580078125,3868.64990234375
USDCOP,2021-11-07,3870.25,3877.25,3867.2017,3880.9824,0.02658150458480728,-8.642814213220888,52.486742944499525,3761.580078125,3870.25
USDCOP,2021-11-14,3877.25,3933.25,3920.0803,3943.3442,0.02497223325708388,-4.050087151201332,45.43539012807105,3761.580078125,3877.25
USDCOP,2021-11-21,3933.25,3979.25,3946.9146,3928.804,0.025224055573411945,2.307086347536071,58.958044847777465,3761.580078125,3933.25
USDCOP,2021-11-28,3979.25,3935.25,3915.559,3902.5994,0.025056851839146427,8.793492195626214,62.053197988127145,3761.580078125,3979.25
USDCOP,2021-12-05,3935.25,3857.367431640625,3934.6194,3944.6443,0.02596811426330048,9.257238372766395,56.92292447479125,3761.580078125,3979.25
USDCOP,2021-12-12,3857.367431640625,4017.050048828125,3849.6099,3846.7903,0.026161236885629487,3.7383823299153462,56.34471165716501,3761.580078125,3979.25
USDCOP,2021-12-19,4017.050048828125,3996.580078125,4021.598,4043.3608,0.026179038985189373,9.911389287567914,64.20655552483102,3761.580078125,4017.050048828125
USDCOP,2021-12-26,3996.580078125,4068.25,3998.6907,4017.1272,0.02486444245210433,11.569522888838328,64.84420260862606,3761.580078125,4017.050048828125
USDCOP,2022-01-02,4068.25,4030.919921875,4069.4795,4171.551,0.025770483608138897,16.164682640455297,67.7431623216242,3761.580078125,4068.25
USDCOP,2022-01-09,4030.919921875,3965.35009765625,4113.3,4162.645,0.025363519478273464,15.366859678492943,66.37579402476135,3777.75,4068.25
USDCOP,2022-01-16,3965.35009765625,3973.75,3966.8372,3944.3655,0.025239547662025297,9.393424024992527,63.788541748044004,3777.75,4068.25
USDCOP,2022-01-23,3973.75,3961.260009765625,3949.8474,3906.7988,0.025570282995063257,5.1883176013097625,65.03312293889798,3857.367431640625,4068.25
USDCOP,2022-01-30,3961.260009765625,3952.8701171875,3935.1257,3953.2197,0.025987266887850736,0.9670349409454246,62.99153047144753,3857.367431640625,4068.25
USDCOP,2022-02-06,3952.8701171875,3917.090087890625,3975.704,3980.559,0.025168670968842326,-2.7836454731858424,62.377996084830514,3857.367431640625,4068.25
USDCOP,2022-02-13,3917.090087890625,3942.75,3964.1667,3963.463,0.025120168686979475,-7.784374697373906,53.5994023540377,3857.367431640625,4068.25
USDCOP,2022-02-20,3942.75,3924.75,3927.5735,3922.2766,0.02519455088461773,-9.367768118797827,54.8929913472432,3857.367431640625,4068.25
USDCOP,2022-02-27,3924.75,3757.699951171875,3910.4026,3870.216,0.02492333623440138,-11.491160119117936,49.3268123435268,3857.367431640625,4068.25
USDCOP,2022-03-06,3757.699951171875,3816.919921875,3768.0127,3844.4065,0.03194642835139253,-23.327536279568825,35.276616001352494,3757.699951171875,4068.25
USDCOP,2022-03-13,3816.919921875,3817.919921875,3813.745,3832.9497,0.0302324645761041,-26.138148130484055,42.29215144201716,3757.699951171875,4068.25
USDCOP,2022-03-20,3817.919921875,3785.919921875,3835.7422,3866.0059,0.02503116482247416,-26.800137243766393,47.1444320693408,3757.699951171875,4068.25
USDCOP,2022-03-27,3785.919921875,3764.090087890625,3836.7817,3846.5388,0.02504286678915303,-28.12560865973049,29.47442273311279,3757.699951171875,4030.919921875
USDCOP,2022-04-03,3764.090087890625,3757.550048828125,3840.3462,3821.6646,0.024922937493661673,-29.084314340248987,29.40340583430914,3757.699951171875,3973.75
USDCOP,2022-04-10,3757.550048828125,3737.25,3742.6404,3728.2903,0.024885938974182377,-28.720833399565542,18.883923310253905,3757.550048828125,3973.75
USDCOP,2022-04-17,3737.25,3774.3701171875,3754.3474,3537.1765,0.02507563171327508,-28.360356859664257,19.550812773514934,3737.25,3961.260009765625
USDCOP,2022-04-24,3774.3701171875,3971.550048828125,3786.335,3870.1055,0.024920514271154513,-24.29160035471628,28.956755378273428,3737.25,3952.8701171875
USDCOP,2022-05-01,3971.550048828125,4089.580078125,3933.8875,3899.5408,0.02488025620584977,-7.841847847907161,49.828813511023306,3737.25,3971.550048828125
USDCOP,2022-05-08,4089.580078125,4108.740234375,4189.0693,4141.6973,0.025385618388712894,10.472461183295946,58.57639977847522,3737.25,4089.580078125
USDCOP,2022-05-15,4108.740234375,4048.72998046875,4104.043,4111.3184,0.025238635764852083,22.661858601951973,60.26988108091413,3737.25,4108.740234375
USDCOP,2022-05-22,4048.72998046875,3923.75,4061.3801,4065.845,0.025207541593162932,25.2691701469752,58.405046298158204,3737.25,4108.740234375
USDCOP,2022-05-29,3923.75,3777.25,3855.2822,3883.182,0.02517740072610437,17.530126604404657,48.923415654187124,3737.25,4108.740234375
USDCOP,2022-06-05,3777.25,3848.02001953125,3875.4473,3847.5742,0.032878171178842674,2.298569509495664,42.70466801747518,3737.25,4108.740234375
USDCOP,2022-06-12,3848.02001953125,3896.760009765625,3813.4277,3825.2644,0.026949879101063633,-2.9702603748029226,54.937463414556014,3737.25,4108.740234375
USDCOP,2022-06-19,3896.760009765625,4078.590087890625,3894.276,3878.3713,0.025550785124591854,-3.117580264071959,54.415150666636784,3737.25,4108.740234375
USDCOP,2022-06-26,4078.590087890625,4149.6201171875,4095.3057,4183.974,0.028049948213168596,8.453489925947293,62.01255546372387,3737.25,4108.740234375
USDCOP,2022-07-03,4149.6201171875,4379.22998046875,4255.465,4266.9243,0.02600252693988184,19.67257789447418,66.1785391273826,3737.25,4149.6201171875
USDCOP,2022-07-10,4379.22998046875,4490.25,4372.6406,4283.312,0.027365406504322228,40.15828384472585,73.094295107932,3774.3701171875,4379.22998046875
USDCOP,2022-07-17,4490.25,4400.64013671875,4385.423,4271.849,0.027016578170002407,57.718576232068635,75.50685406522688,3777.25,4490.25
USDCOP,2022-07-24,4400.64013671875,4373.580078125,4177.775,4561.7935,0.02638616449141663,59.58945380530089,72.03089786793944,3777.25,4490.25
USDCOP,2022-07-31,4373.580078125,4304.25,4436.7617,4445.2725,0.026926178315771276,55.38440162213456,70.03336112883247,3777.25,4490.25
USDCOP,2022-08-07,4304.25,4231.25,4312.868,4239.219,0.024834707499760165,44.76770401151764,62.16292733030716,3777.25,4490.25
USDCOP,2022-08-14,4231.25,4394.919921875,4242.9204,4207.148,0.026658534265643,30.352615599724174,55.355531699047695,3777.25,4490.25
USDCOP,2022-08-21,4394.919921875,4392.18017578125,4292.3213,4248.8896,0.02843942802040065,29.34697393447854,59.75284416908728,3777.25,4490.25
USDCOP,2022-08-28,4392.18017578125,4478.75,4344.2456,4326.279,0.024839879286043948,26.11206716733456,62.180038192816234,3848.02001953125,4490.25
USDCOP,2022-09-04,4478.75,4396.0,4493.443,4543.9185,0.02693084890271936,27.289492831425918,70.23362373121523,3896.760009765625,4490.25
USDCOP,2022-09-11,4396.0,4416.33984375,4494.112,4446.1562,0.031110985227534985,20.302966489498488,73.6574155318998,4078.590087890625,4490.25
USDCOP,2022-09-18,4416.33984375,4363.35009765625,4398.239,4340.6577,0.025298513239370327,15.098356871719474,72.60081655986195,4149.6201171875,4490.25
USDCOP,2022-09-25,4363.35009765625,4526.9501953125,4369.475,4372.37,0.02617916127809915,6.56931704961552,68.49274428352885,4231.25,4490.25
USDCOP,2022-10-02,4526.9501953125,4611.759765625,4562.125,4712.626,0.026371207517881082,10.210980173767453,68.03077385282864,4231.25,4526.9501953125
USDCOP,2022-10-09,4611.759765625,4573.9599609375,4888.027,4904.052,0.03705611650286707,16.238601845079046,68.38120082127357,4231.25,4611.759765625
USDCOP,2022-10-16,4573.9599609375,4902.25,4585.6157,4681.365,0.025494221834793697,15.584063288888274,59.13977607483301,4231.25,4611.759765625
USDCOP,2022-10-23,4902.25,4798.259765625,4913.6885,4828.7095,0.027702377800103938,34.10306749267528,66.06164435713524,4231.25,4902.25
USDCOP,2022-10-30,4798.259765625,5067.10986328125,4741.5015,4782.4014,0.02980375782484151,36.004035089202205,65.32915733448388,4231.25,4902.25
USDCOP,2022-11-06,5067.10986328125,4801.169921875,5136.0264,5038.0664,0.02707847287011709,51.10122591095637,72.53580011150893,4363.35009765625,5067.10986328125
USDCOP,2022-11-13,4801.169921875,4999.169921875,4693.2886,4714.4614,0.031003638617719997,39.4326131506632,64.31766242521752,4363.35009765625,5067.10986328125
USDCOP,2022-11-20,4999.169921875,4899.81005859375,4883.4897,4818.232,0.02784562800398767,41.11708951777106,70.63924845681362,4363.35009765625,5067.10986328125
USDCOP,2022-11-27,4899.81005859375,4785.580078125,4841.8037,4868.733,0.025089676751837837,32.01219447108957,64.05573603003806,4363.35009765625,5067.10986328125
USDCOP,2022-12-04,4785.580078125,4820.580078125,4855.814,4897.2104,0.026017032805230857,15.600085684375188,60.311821100655585,4363.35009765625,5067.10986328125
USDCOP,2022-12-11,4820.580078125,4790.919921875,4762.7217,4778.661,0.024786788450416743,4.956259726208657,59.209036396890916,4363.35009765625,5067.10986328125
USDCOP,2022-12-18,4790.919921875,4757.25,4728.419,4763.2383,0.025112350123834535,-5.651907792839978,60.9525991697217,4526.9501953125,5067.10986328125
USDCOP,2022-12-25,4757.25,4848.1298828125,4795.5728,4844.5474,0.024767674482044862,-15.924639656075556,59.3853137309937,4573.9599609375,5067.10986328125
USDCOP,2023-01-01,4848.1298828125,4963.43017578125,4887.6646,4880.2383,0.027971636871163604,-17.463840330458254,63.07332726738834,4573.9599609375,5067.10986328125
USDCOP,2023-01-08,4963.43017578125,4695.009765625,5041.696,5127.108,0.025898277929393778,-11.850088259198913,62.085637021099515,4757.25,5067.10986328125
USDCOP,2023-01-15,4695.009765625,4667.4501953125,4719.047,4649.3394,0.02614418605130628,-26.508436226293327,52.09234925895964,4695.009765625,5067.10986328125
USDCOP,2023-01-22,4667.4501953125,4519.10009765625,4614.0913,4666.552,0.025635949071073423,-37.672934747126476,52.3618779759702,4667.4501953125,5067.10986328125
USDCOP,2023-01-29,4519.10009765625,4585.25,4567.361,4550.0205,0.025416821396760207,-53.68499968887562,39.35227664695587,4519.10009765625,4999.169921875
USDCOP,2023-02-05,4585.25,4749.1298828125,4590.499,4585.386,0.02567307970184301,-58.08479858482002,43.953293417821605,4519.10009765625,4999.169921875
USDCOP,2023-02-12,4749.1298828125,4923.2998046875,4868.098,4815.969,0.025246429415034556,-48.60632331800048,40.4014730978063,4519.10009765625,4963.43017578125
USDCOP,2023-02-19,4923.2998046875,4875.02001953125,4877.5,4928.872,0.03033127804301015,-30.158622112281776,53.90283619640976,4519.10009765625,4963.43017578125
USDCOP,2023-02-26,4875.02001953125,4818.080078125,4925.315,4916.3384,0.02584441840385743,-21.183725850830683,45.612797581559384,4519.10009765625,4963.43017578125
USDCOP,2023-03-05,4818.080078125,4745.759765625,4873.057,4875.5728,0.025496229743058513,-19.121068045986163,47.02256498814064,4519.10009765625,4963.43017578125
USDCOP,2023-03-12,4745.759765625,4849.25,4684.179,4594.379,0.02481819652252287,-22.43695389392154,48.5036484028788,4519.10009765625,4963.43017578125
USDCOP,2023-03-19,4849.25,4754.75,4706.2207,4735.0513,0.026217723493161333,-17.679225755800687,51.02460618379393,4519.10009765625,4963.43017578125
USDCOP,2023-03-26,4754.75,4643.25,4768.9663,4854.0815,0.02528370958201386,-20.70550043877506,48.76461264646001,4519.10009765625,4963.43017578125
USDCOP,2023-04-02,4643.25,4575.35986328125,4697.537,4648.2393,0.024921209951923373,-29.489703230362835,46.30287912781189,4519.10009765625,4923.2998046875
USDCOP,2023-04-09,4575.35986328125,4417.97998046875,4531.286,4440.71,0.02481811875399461,-38.57208879245111,41.01991993958335,4519.10009765625,4923.2998046875
USDCOP,2023-04-16,4417.97998046875,4525.14990234375,4348.999,4363.3086,0.026127579707574723,-52.98836881788253,32.52691939510352,4417.97998046875,4923.2998046875
USDCOP,2023-04-23,4525.14990234375,4654.75,4651.0386,4658.2646,0.02516879125387399,-52.988383627967465,43.931754059795445,4417.97998046875,4923.2998046875
USDCOP,2023-04-30,4654.75,4603.9501953125,4729.3223,4777.8086,0.027800116100204542,-42.40034925205812,49.57711690303247,4417.97998046875,4923.2998046875
USDCOP,2023-05-07,4603.9501953125,4594.5,4670.464,4706.8164,0.02659377645152656,-37.14703437670711,53.02157685439405,4417.97998046875,4923.2998046875
USDCOP,2023-05-14,4594.5,4525.25,4636.369,4631.8374,0.02610644027904546,-32.789304704569275,50.343261286635496,4417.97998046875,4875.02001953125
USDCOP,2023-05-21,4525.25,4490.25,4486.4585,4525.0156,0.0248392661508572,-32.9629002515512,41.06439321300336,4417.97998046875,4849.25
USDCOP,2023-05-28,4490.25,4389.25,4558.0776,4670.913,0.026336769055103147,-33.70665839095671,30.555794284992658,4417.97998046875,4849.25
USDCOP,2023-06-04,4389.25,4187.25,4333.5347,4355.69,0.02717566716988892,-38.90393588607431,29.174570651894044,4389.25,4849.25
USDCOP,2023-06-11,4187.25,4146.25,4316.4604,4329.391,0.025634556639097264,-52.97705726619948,25.947313979578837,4187.25,4754.75
USDCOP,2023-06-18,4146.25,4115.25,4168.577,4064.859,0.025391568773414797,-61.48026005799065,26.5822036374567,4146.25,4654.75
USDCOP,2023-06-25,4115.25,4167.85009765625,4049.1453,4022.0151,0.025867122830942533,-65.26829125761876,19.60763302847262,4115.25,4654.75
USDCOP,2023-07-02,4167.85009765625,4178.25,4280.9404,4362.336,0.024935918565157658,-60.418446830880185,24.824995989076882,4115.25,4654.75
USDCOP,2023-07-09,4178.25,4097.25,4226.5586,4228.6943,0.0266075962741561,-52.964198179601055,28.159581465366585,4115.25,4654.75
USDCOP,2023-07-16,4097.25,3977.25,4047.981,4052.2527,0.026439445656746403,-49.9805355674695,27.81701356621373,4097.25,4654.75
USDCOP,2023-07-23,3977.25,3954.25,4050.2656,4029.4592,0.024830643064945788,-52.33033133773763,28.816558576428804,3977.25,4603.9501953125
USDCOP,2023-07-30,3954.25,4115.56005859375,3956.8748,3983.7043,0.024796664763375796,-51.590270517932595,20.144344522961887,3954.25,4594.5
USDCOP,2023-08-06,4115.56005859375,3987.02001953125,4073.8806,4087.477,0.02961309877156865,-37.072520639308095,22.70781276646227,3954.25,4525.25
USDCOP,2023-08-13,3987.02001953125,4096.0,3975.9639,3942.6729,0.028049190138807256,-33.09328693109563,21.051100081704774,3954.25,4490.25
USDCOP,2023-08-20,4096.0,4080.25,4053.6592,4033.4133,0.025524823418685023,-20.69458994845857,28.606620722489225,3954.25,4389.25
USDCOP,2023-08-27,4080.25,4086.800048828125,4045.9556,4036.314,0.02494286769830538,-11.581505486186899,29.983448392192287,3954.25,4187.25
USDCOP,2023-09-03,4086.800048828125,4027.030029296875,4074.1614,4095.7795,0.024713929023690337,-3.5559686320273727,31.37573957494881,3954.25,4178.25
USDCOP,2023-09-10,4027.030029296875,3917.5,4033.3162,4051.9534,0.02587725911416812,-0.8570845079126457,32.61733756707187,3954.25,4178.25
USDCOP,2023-09-17,3917.5,3941.75,3909.0073,3899.0488,0.02624607934789613,-4.811937191880588,35.79411067390855,3917.5,4178.25
USDCOP,2023-09-24,3941.75,4071.25,3946.1348,3964.252,0.025637268207686446,-4.181406976673657,39.03697080144849,3917.5,4178.25
USDCOP,2023-10-01,4071.25,4347.25,4078.7148,4182.673,0.02569558486470576,6.016438359444237,47.86652221244147,3917.5,4115.56005859375
USDCOP,2023-10-08,4347.25,4266.25,4446.489,4485.756,0.027966788867182554,31.011878629260906,57.14979878414248,3917.5,4347.25
USDCOP,2023-10-15,4266.25,4257.75,4351.471,4290.797,0.02663020623032556,41.118274117157426,53.320303216433196,3917.5,4347.25
USDCOP,2023-10-22,4257.75,4137.0,4198.6646,4081.2534,0.025091033104765105,45.895774595669735,56.406264068955274,3917.5,4347.25
USDCOP,2023-10-29,4137.0,4046.919921875,3957.4304,3956.763,0.026470755830104043,39.814643933026844,56.37251292838986,3917.5,4347.25
USDCOP,2023-11-05,4046.919921875,4052.25,4040.9858,4083.2117,0.026964924600839556,29.112853692014454,53.50886793952828,3917.5,4347.25
USDCOP,2023-11-12,4052.25,4085.699951171875,4173.703,4206.3394,0.02678053675827557,22.09842826649937,47.28173410181647,3917.5,4347.25
USDCOP,2023-11-19,4085.699951171875,4064.760009765625,4215.501,4217.34,0.027939525302663536,19.507057259432543,54.61362556663996,3917.5,4347.25
USDCOP,2023-11-26,4064.760009765625,4014.580078125,4118.863,4135.242,0.024568214703905446,16.30831861427893,48.40839690383761,3917.5,4347.25
USDCOP,2023-12-03,4014.580078125,3997.72998046875,4075.3909,4302.6875,0.025392944485226106,10.993379041918146,46.7676719124023,3917.5,4347.25
USDCOP,2023-12-10,3997.72998046875,3964.5,4117.077,4071.5273,0.0245603560632537,6.732639646657475,45.659903845536164,3941.75,4347.25
USDCOP,2023-12-17,3964.5,3944.75,3883.906,3844.757,0.02460798333731402,2.2953365964608423,46.872216418790806,3964.5,4347.25
USDCOP,2023-12-24,3944.75,3879.75,3990.7236,3950.8855,0.024475379115474524,-1.1649930484349227,51.49756532930175,3944.75,4347.25
USDCOP,2023-12-31,3879.75,3927.1298828125,3878.5637,3893.4446,0.026886048491898688,-6.71667252503714,46.73876471878472,3879.75,4266.25
USDCOP,2024-01-07,3927.1298828125,3916.72998046875,3940.4497,3948.052,0.02524775160650196,-6.101011111570486,41.70235555068272,3879.75,4257.75
USDCOP,2024-01-14,3916.72998046875,3919.389892578125,3922.1772,3706.9404,0.0249294778290642,-5.325519364210649,14.292338670485393,3879.75,4137.0
USDCOP,2024-01-21,3919.389892578125,3937.5,3817.3994,3905.8655,0.025767813888183513,-3.64491683466683,16.934197437941933,3879.75,4085.699951171875
USDCOP,2024-01-28,3937.5,3884.60009765625,3931.0735,3911.5369,0.02541428108881698,-0.4908054902950738,20.0202128797457,3879.75,4085.699951171875
USDCOP,2024-02-04,3884.60009765625,3945.0,3879.6245,3887.0984,0.025323368382540748,-1.1090453819126083,22.933553251649386,3879.75,4085.699951171875
USDCOP,2024-02-11,3945.0,3907.3798828125,3948.7375,3982.147,0.024608356015517537,3.173743795967539,38.32745228522059,3879.75,4064.760009765625
USDCOP,2024-02-18,3907.3798828125,3926.8798828125,3912.8008,3911.9983,0.024505267004787324,4.0412499022799295,34.551130180318566,3879.75,4014.580078125
USDCOP,2024-02-25,3926.8798828125,3926.1298828125,3918.5403,3926.5522,0.02446439312785983,6.358708250692814,32.54416371365352,3879.75,3997.72998046875
USDCOP,2024-03-03,3926.1298828125,3914.010009765625,3938.7676,3911.9526,0.024565814757598555,8.15668310352335,34.055596458153275,3879.75,3964.5
USDCOP,2024-03-10,3914.010009765625,3895.199951171875,3887.0085,3882.8003,0.024671126204910986,8.790613486117195,37.32319685565674,3879.75,3945.0
USDCOP,2024-03-17,3895.199951171875,3887.85009765625,3888.4746,3877.8518,0.02448862531432332,8.214724069478606,37.13968815283316,3879.75,3945.0
USDCOP,2024-03-24,3887.85009765625,3857.25,3886.2507,3893.6567,0.024500111653912738,7.623372612752874,39.71830949015642,3884.60009765625,3945.0
USDCOP,2024-03-31,3857.25,3768.25,3886.8293,3894.8472,0.025074842092969795,5.552177996894812,38.59487889696186,3857.25,3945.0
USDCOP,2024-04-07,3768.25,3822.25,3798.827,3804.9824,0.026291524359817256,-1.0775780690347005,36.32236176931444,3768.25,3945.0
USDCOP,2024-04-14,3822.25,3926.64990234375,3778.3145,3769.1233,0.0250202281304835,-1.0886274254120991,37.3400666256445,3768.25,3945.0
USDCOP,2024-04-21,3926.64990234375,3956.010009765625,3933.056,3942.5215,0.025766214295669082,6.26826480994572,50.97594813390032,3768.25,3945.0
USDCOP,2024-04-28,3956.010009765625,3895.75,3978.5452,3951.7327,0.02487718716313961,13.054428597876495,53.42295320196145,3768.25,3956.010009765625
USDCOP,2024-05-05,3895.75,3888.760009765625,3935.351,3897.3787,0.02469073693436523,13.378028739055125,46.38258679904792,3768.25,3956.010009765625
USDCOP,2024-05-12,3888.760009765625,3826.3798828125,3862.96,3871.427,0.024446777612909608,13.00313249740001,50.39158754402745,3768.25,3956.010009765625
USDCOP,2024-05-19,3826.3798828125,3864.39990234375,3811.6824,3804.3018,0.024618950992492863,8.645579042426682,38.87533417409199,3768.25,3956.010009765625
USDCOP,2024-05-26,3864.39990234375,3864.75,3855.933,3864.5571,0.025449981098674312,8.40780112778858,45.97218790324795,3768.25,3956.010009765625
USDCOP,2024-06-02,3864.75,3939.75,3914.2737,3937.3997,0.024346600480476807,8.341513929961884,43.96082094333874,3768.25,3956.010009765625
USDCOP,2024-06-09,3939.75,4143.75,3978.1733,3965.3037,0.024597532739883913,13.131159049782639,51.156913735395484,3768.25,3956.010009765625
USDCOP,2024-06-16,4143.75,4162.7001953125,4199.378,4227.652,0.0337779207038661,28.91587742441302,64.71710607189029,3768.25,4143.75
USDCOP,2024-06-23,4162.7001953125,4173.8798828125,4190.4077,4196.333,0.024365013269995166,38.88928232618102,67.13294564491639,3768.25,4162.7001953125
USDCOP,2024-06-30,4173.8798828125,4091.0,4197.8237,4128.827,0.02548896811935696,44.11291396560389,68.23029609693795,3822.25,4173.8798828125
USDCOP,2024-07-07,4091.0,3972.830078125,4053.1729,4042.6648,0.02450257856792972,39.98244404931776,63.96739812278076,3826.3798828125,4173.8798828125
USDCOP,2024-07-14,3972.830078125,4021.409912109375,3970.0881,4033.2517,0.025495232396556627,27.862274628656248,61.81260202600024,3826.3798828125,4173.8798828125
USDCOP,2024-07-21,4021.409912109375,4029.75,4058.2659,4046.9539,0.024843304619111356,21.947751754788463,61.57207061388962,3826.3798828125,4173.8798828125
USDCOP,2024-07-28,4029.75,4084.89990234375,4034.9456,4041.5486,0.024635890544355128,17.614827021291802,56.743328815404055,3826.3798828125,4173.8798828125
USDCOP,2024-08-04,4084.89990234375,4079.75,4071.9546,4087.4348,0.025274265468895014,17.447501684121903,58.15500995871621,3826.3798828125,4173.8798828125
USDCOP,2024-08-11,4079.75,4007.35009765625,4145.516,4142.411,0.026767874447676837,16.01190576874278,62.51462904980585,3864.39990234375,4173.8798828125
USDCOP,2024-08-18,4007.35009765625,4067.75,4035.9902,4047.3823,0.02442989597347338,9.528406471659979,57.406792392067096,3864.75,4173.8798828125
USDCOP,2024-08-25,4067.75,4125.1298828125,4063.1309,3957.104,0.02565804439046299,8.674111000543224,65.1126587464154,3939.75,4173.8798828125
USDCOP,2024-09-01,4125.1298828125,4163.330078125,4129.852,4118.1924,0.025827542029321773,11.180374367263347,65.93841989733266,3972.830078125,4173.8798828125
USDCOP,2024-09-08,4163.330078125,4209.25,4175.3438,4151.4424,0.0245784331207532,14.412103257865446,67.44492296175589,3972.830078125,4173.8798828125
USDCOP,2024-09-15,4209.25,4163.5,4184.3857,4221.4883,0.026989923527730095,18.388934131546137,66.29976138162402,3972.830078125,4209.25
USDCOP,2024-09-22,4163.5,4164.75,4189.6646,4156.0024,0.024791330849315875,16.732236090402104,51.477299953834375,3972.830078125,4209.25
USDCOP,2024-09-29,4164.75,4185.10986328125,4122.6274,4110.419,0.02557058473179815,14.592692162714116,50.15749579435956,3972.830078125,4209.25
USDCOP,2024-10-06,4185.10986328125,4210.75,4158.617,4159.9556,0.024491428615878708,13.4489553489856,50.850847369842434,4007.35009765625,4209.25
USDCOP,2024-10-13,4210.75,4251.0,4201.3286,4206.4766,0.024596795030257267,13.295649541423991,59.93463543945272,4007.35009765625,4210.75
USDCOP,2024-10-20,4251.0,4293.5,4339.378,4378.1353,0.024256061212368608,14.673227113014818,76.50400845609308,4007.35009765625,4251.0
USDCOP,2024-10-27,4293.5,4420.0498046875,4361.9634,4383.0,0.02462806269259373,17.04826432678736,76.22859961601334,4007.35009765625,4293.5
USDCOP,2024-11-03,4420.0498046875,4321.5,4477.69,4450.44,0.024269442487760477,25.248992281544247,80.64061577619847,4007.35009765625,4420.0498046875
USDCOP,2024-11-10,4321.5,4480.0,4372.466,4377.606,0.029295412146966945,22.24837586257881,67.38941168617616,4067.75,4420.0498046875
USDCOP,2024-11-17,4480.0,4388.5498046875,4429.033,4461.5664,0.02467310127349913,28.73788053820047,74.00589463918178,4125.1298828125,4480.0
USDCOP,2024-11-24,4388.5498046875,4416.4599609375,4455.756,4411.392,0.024169319182530086,24.818681724783545,72.35251776727065,4163.330078125,4480.0
USDCOP,2024-12-01,4416.4599609375,4413.669921875,4389.57,4357.3706,0.02490144625712979,22.14169208572072,71.25735955089624,4163.5,4480.0
USDCOP,2024-12-08,4413.669921875,4343.259765625,4371.5884,4372.3643,0.024461315940406573,18.373947173289892,68.84355129815879,4163.5,4480.0
USDCOP,2024-12-15,4343.259765625,4376.68994140625,4353.746,4351.712,0.024343362308534077,9.762813552909364,61.27619103574392,4164.75,4480.0
USDCOP,2024-12-22,4376.68994140625,4393.25,4382.6157,4334.722,0.024275632741542832,5.171943549404361,60.660342693286466,4185.10986328125,4480.0
USDCOP,2024-12-29,4393.25,4382.35009765625,4339.067,4343.5903,0.02474208180416394,2.253158514382932,65.19208366804511,4210.75,4480.0
USDCOP,2025-01-05,4382.35009765625,4330.39013671875,4408.1616,4428.0825,0.02456613230658957,-1.2221544810392402,64.20736578806256,4251.0,4480.0
USDCOP,2025-01-12,4330.39013671875,4340.0,4281.659,4259.712,0.024158701938380534,-7.4816782487907005,59.10961890322312,4293.5,4480.0
USDCOP,2025-01-19,4340.0,4224.509765625,4301.865,4229.0137,0.02512744214002034,-11.211862208812931,58.27072837551227,4321.5,4480.0
USDCOP,2025-01-26,4224.509765625,4160.0498046875,4172.2485,4173.8003,0.02543507201665023,-21.119204445666497,48.45377572622836,4224.509765625,4480.0
USDCOP,2025-02-02,4160.0498046875,4140.81005859375,4196.14,4196.3125,0.024614334587459118,-31.074142794166917,42.40526378971517,4160.0498046875,4480.0
USDCOP,2025-02-09,4140.81005859375,4137.6298828125,4185.862,4201.3384,0.024999368194312577,-37.58038641963309,31.897177724414874,4140.81005859375,4416.4599609375
USDCOP,2025-02-16,4137.6298828125,4073.25,4162.5845,4201.101,0.02479161789991581,-40.473449401475136,36.39793848394479,4137.6298828125,4416.4599609375
USDCOP,2025-02-23,4073.25,4130.5,4084.458,4113.8994,0.024655133110713465,-44.76355676370404,15.042057431768924,4073.25,4413.669921875
USDCOP,2025-03-02,4130.5,4106.25,4134.004,4111.4126,0.0247637001652853,-41.8402497892076,26.43683388263493,4073.25,4393.25
USDCOP,2025-03-09,4106.25,4123.25,4062.7285,4106.504,0.02443253079100673,-39.65473624610465,21.48334542268441,4073.25,4393.25
USDCOP,2025-03-16,4123.25,4178.39990234375,4131.1826,4138.22,0.024551711968682603,-35.32336576597406,23.982310175585937,4073.25,4393.25
USDCOP,2025-03-23,4178.39990234375,4166.5,4141.8374,4174.8286,0.024864459579546874,-27.35892458947723,34.815615001929345,4073.25,4382.35009765625
USDCOP,2025-03-30,4166.5,4158.2001953125,4162.775,4163.8965,0.02519738726219342,-21.751459623166696,29.84097339753467,4073.25,4340.0
USDCOP,2025-04-06,4158.2001953125,4369.0,4146.767,4199.5137,0.02418844646316714,-17.635928464327264,27.093758267777986,4073.25,4340.0
USDCOP,2025-04-13,4369.0,4310.3701171875,4386.8286,4414.849,0.029438462777513524,-0.6486343943634436,49.06376762562484,4073.25,4369.0
USDCOP,2025-04-20,4310.3701171875,4255.25,4352.709,4365.25,0.02557989515709803,6.323034425104525,48.60902375525929,4073.25,4369.0
USDCOP,2025-04-27,4255.25,4197.08984375,4390.44,4358.01,0.025617089742524794,6.861210541076696,44.46186598052617,4073.25,4369.0
USDCOP,2025-05-04,4197.08984375,4250.89990234375,4162.278,4154.7197,0.025898587380389936,3.1291397090820015,48.063070582927594,4073.25,4369.0
USDCOP,2025-05-11,4250.89990234375,4199.75,4247.611,4213.2515,0.025664788398523947,4.054747724633686,56.51563976262832,4073.25,4369.0
USDCOP,2025-05-18,4199.75,4174.64990234375,4193.991,4186.5586,0.02415755715082133,1.1436356142432604,54.0420786857359,4106.25,4369.0
USDCOP,2025-05-25,4174.64990234375,4128.75,4178.5913,4247.4775,0.02411848996506729,-2.359821933090852,52.464716617892684,4106.25,4369.0
USDCOP,2025-06-01,4128.75,4104.5,4185.0835,4188.6045,0.024180124748318373,-7.372909522334688,53.788294894014136,4123.25,4369.0
USDCOP,2025-06-08,4104.5,4155.25,4125.7695,4140.2183,0.024188521989107765,-11.670959098645387,48.14158155430346,4104.5,4369.0
USDCOP,2025-06-15,4155.25,4082.0,4190.371,4132.615,0.024704619801796387,-10.482600577153576,53.374564862989004,4104.5,4369.0
USDCOP,2025-06-22,4082.0,4037.25,4101.6987,4130.2837,0.024380698843571417,-13.807261812976332,47.363440709873615,4082.0,4369.0
USDCOP,2025-06-29,4037.25,3988.25,4043.0798,4046.2903,0.024433545810424735,-17.936039203839762,40.85662286364593,4037.25,4369.0
USDCOP,2025-07-06,3988.25,4013.949951171875,3995.416,3962.3098,0.024520260495948625,-22.582728898846838,38.98290046294898,3988.25,4310.3701171875
USDCOP,2025-07-13,4013.949951171875,4020.409912109375,3975.5017,3983.1204,0.024264789470341334,-22.491801862099383,41.272053299283186,3988.25,4255.25
USDCOP,2025-07-20,4020.409912109375,4072.010009765625,4019.3105,4048.0417,0.024156928828636747,-20.612782848857865,21.97964153879667,3988.25,4250.89990234375
USDCOP,2025-07-27,4072.010009765625,4184.9599609375,4046.242,4027.486,0.025206433365828857,-14.78380493600374,30.621137170851924,3988.25,4250.89990234375
USDCOP,2025-08-03,4184.9599609375,4045.25,4151.611,4130.412,0.024639762739951925,-2.8357343535840016,44.776538583234874,3988.25,4199.75
USDCOP,2025-08-10,4045.25,4049.449951171875,4075.136,4053.043,0.024398364511196206,-3.7963747545825512,39.93611526437407,3988.25,4184.9599609375
USDCOP,2025-08-17,4049.449951171875,4032.699951171875,4030.864,4072.7551,0.024543480789625274,-3.6049396624743366,35.708102262173526,3988.25,4184.9599609375
USDCOP,2025-08-24,4032.699951171875,4024.800048828125,4054.1865,4037.519,0.024035609438323235,-4.030201868745948,37.5404567280991,3988.25,4184.9599609375
USDCOP,2025-08-31,4024.800048828125,3985.25,4023.299,4030.5005,0.024156655678751596,-4.245726844400437,38.52902556381647,3988.25,4184.9599609375
USDCOP,2025-09-07,3985.25,3894.52001953125,4034.2996,4060.502,0.024260078492360983,-6.3286559496471355,38.9072663957599,3985.25,4184.9599609375
USDCOP,2025-09-14,3894.52001953125,3892.5,3931.6792,3956.5085,0.02463436791887351,-12.72460658470466,35.2810852401156,3894.52001953125,4184.9599609375
USDCOP,2025-09-21,3892.5,3900.25,3905.526,3916.7524,0.024276907917896523,-15.798324839722284,30.23157308497406,3892.5,4184.9599609375
USDCOP,2025-09-28,3900.25,3884.1298828125,3885.385,3865.364,0.024227288220549346,-15.969095411340867,34.83064972960197,3892.5,4184.9599609375
USDCOP,2025-10-05,3884.1298828125,3887.8798828125,3908.164,3943.239,0.024358664764332797,-15.798340854199445,36.57876964137294,3884.1298828125,4184.9599609375
USDCOP,2025-10-12,3887.8798828125,3860.75,3940.258,3947.9849,0.023918715786708233,-14.118404125664462,40.444398371496916,3884.1298828125,4184.9599609375
USDCOP,2025-10-19,3860.75,3878.550048828125,3825.8687,3786.0896,0.024929714218590682,-13.519109590285893,35.454408482013505,3860.75,4184.9599609375
USDCOP,2025-10-26,3878.550048828125,3858.449951171875,3870.7158,3906.7239,0.024851360398472588,-10.730420597708786,36.81501658282974,3860.75,4049.449951171875
USDCOP,2025-11-02,3858.449951171875,3784.14990234375,3878.9255,3874.9412,0.02425606557971259,-9.109891267956769,28.91639269978694,3858.449951171875,4049.449951171875
USDCOP,2025-11-09,3784.14990234375,3746.820068359375,3808.6443,3803.1526,0.02611980733480811,-11.744643586991884,7.161026015708572,3784.14990234375,4032.699951171875
USDCOP,2025-11-16,3746.820068359375,3762.169921875,3755.381,3726.3738,0.02594717764572791,-14.52228477409983,9.167284094545636,3746.820068359375,4024.800048828125
USDCOP,2025-11-23,3762.169921875,3743.8798828125,3771.1592,3787.2803,0.026092236566018442,-13.848883583185028,11.856689688169183,3746.820068359375,3985.25
USDCOP,2025-11-30,3743.8798828125,3795.239990234375,3738.6628,3747.7542,0.025013978900941956,-13.162991639081952,11.808398745075962,3743.8798828125,3900.25
USDCOP,2025-12-07,3795.239990234375,3801.5,3824.4397,3820.7441,0.025161193799017618,-8.030315568224154,22.77384884803729,3743.8798828125,3900.25
USDCOP,2025-12-14,3801.5,3861.9599609375,3754.3887,3765.3716,0.025361136273578312,-3.239424873045266,26.33856376490472,3743.8798828125,3900.25
USDCOP,2025-12-21,3861.9599609375,3742.050048828125,3832.3462,3828.198,0.02405053205616657,4.552392530703543,45.452760066828056,3743.8798828125,3887.8798828125
USDCOP,2025-12-28,3742.050048828125,3768.2099609375,3745.388,3772.4353,0.024539711010437375,2.2955129697276107,34.19344214695636,3742.050048828125,3887.8798828125
USDCOP,2026-01-04,3768.2099609375,3713.510009765625,3769.1377,3791.3987,0.02461509720561124,3.175217180281564,36.64427030908751,3742.050048828125,3878.550048828125
USDCOP,2026-01-11,3713.510009765625,3684.110107421875,3726.2227,3726.3337,0.025541413015227075,0.8072312512858559,33.99136963024286,3713.510009765625,3878.550048828125
USDCOP,2026-01-18,3684.110107421875,3610.72998046875,3695.3362,3675.5027,0.02408403096325334,-1.8594600362812486,31.75902464312081,3684.110107421875,3861.9599609375
USDCOP,2026-01-25,3610.72998046875,3652.280029296875,3628.6758,3614.0605,0.027439079490317226,-7.3760587951168475,29.330348853168417,3610.72998046875,3861.9599609375
USDCOP,2026-02-01,3652.280029296875,3698.64990234375,3644.5508,3640.2708,0.024562279708793357,-7.038348271845749,32.00062923862127,3610.72998046875,3861.9599609375
USDCOP,2026-02-08,3698.64990234375,3668.0,3734.5508,3773.0522,0.028277781320068297,-2.7253417099629615,37.798161990737995,3610.72998046875,3861.9599609375
USDCOP,2026-02-15,3668.0,3698.7900390625,3663.9426,3657.445,0.02389200120787148,-1.0558020643934896,40.49773303772944,3610.72998046875,3861.9599609375
USDCOP,2026-02-22,3698.7900390625,3764.2900390625,3685.2495,3666.022,0.02430202718255513,2.7927036156037275,46.02814465046922,3610.72998046875,3861.9599609375
USDCOP,2026-03-01,3764.2900390625,3788.47998046875,3752.1663,3750.0151,0.027671553604308712,10.013941447080924,50.16189543687533,3610.72998046875,3861.9599609375
USDCOP,2026-03-08,3788.47998046875,3692.56005859375,3785.308,3805.7375,0.02505691734267317,16.311458000976927,53.375319273475476,3610.72998046875,3861.9599609375
USDCOP,2026-03-15,3692.56005859375,3690.949951171875,3707.2773,3699.8394,0.024199291550117068,13.997569741309775,42.720208428749515,3610.72998046875,3788.47998046875
USDCOP,2026-03-22,3690.949951171875,3687.340087890625,3712.5884,3693.3254,0.024120738063049246,12.394246361845646,42.110213390994964,3610.72998046875,3788.47998046875
USDCOP,2026-03-29,3687.340087890625,3660.7099609375,3702.1257,3657.9358,0.024131286170996354,11.16447140257273,36.43707023438262,3610.72998046875,3788.47998046875
USDCOP,2026-04-05,3660.7099609375,3653.090087890625,3641.542,3634.708,0.024029830573296825,8.738750655040235,42.61162212160202,3610.72998046875,3788.47998046875
USDCOP,2026-04-12,3653.090087890625,3613.030029296875,3654.9717,3645.2073,0.024351777325062586,6.883867159112469,39.1788292607251,3610.72998046875,3788.47998046875
USDCOP,2026-04-19,3613.030029296875,3565.64990234375,3651.1936,3627.8767,0.02396824105050117,3.3980628703095164,40.28765637551457,3613.030029296875,3788.47998046875
USDCOP,2026-04-26,3565.64990234375,3655.080078125,3582.077,3575.4143,0.02393932251629281,-1.4021338887634869,38.93433070686569,3565.64990234375,3788.47998046875
USDCOP,2026-05-03,3655.080078125,3737.929931640625,3688.7458,3662.0474,0.024415735148807804,1.9595775153220671,54.02224637161308,3565.64990234375,3788.47998046875
USDCOP,2026-05-10,3737.929931640625,3787.97998046875,3742.5654,3757.285,0.024062715061507797,9.836381299172004,57.226499899066056,3565.64990234375,3788.47998046875
USDCOP,2026-05-17,3787.97998046875,3690.830078125,3797.6887,3767.652,0.023875046263349874,18.014616433124694,57.49048887898971,3565.64990234375,3788.47998046875
USDCOP,2026-05-24,3690.830078125,3651.300048828125,3706.4043,3665.6099,0.025860242861021197,16.518050345314784,51.72227076294723,3565.64990234375,3788.47998046875
USDCOP,2026-05-31,3651.300048828125,3577.669921875,3599.7415,3627.4863,0.024430740308494885,12.675476460359263,46.46404567461418,3565.64990234375,3787.97998046875
USDCOP,2026-06-07,3577.669921875,3500.1298828125,3585.1858,3584.76,0.024055975443268932,5.358825867262922,36.27107124999282,3565.64990234375,3787.97998046875
USDCOP,2026-06-14,3500.1298828125,3444.47998046875,3516.9348,3514.434,0.027258355365367547,-4.013493092847135,30.331100682451762,3500.1298828125,3787.97998046875
USDCOP,2026-06-21,3444.47998046875,3445.7900390625,3544.28,3564.4712,0.02439048562707351,-12.77682776493026,32.09429265005653,3444.47998046875,3787.97998046875
USDCOP,2026-06-28,3445.7900390625,3366.89990234375,3446.7493,3469.032,0.023864315326304574,-17.034901785890227,32.29739425682287,3444.47998046875,3787.97998046875
USDCOP,2026-07-05,3366.89990234375,3294.179931640625,3413.2275,3544.1248,0.024744849061524365,-23.325313551404506,29.130412522105473,3366.89990234375,3787.97998046875
USDCOP,2026-07-12,3294.179931640625,3239.0,3370.7715,3480.9797,0.02649088851490429,-30.1128727748265,27.480622445713294,3294.179931640625,3787.97998046875
USDCOP,2026-07-19,3239.0,3212.64990234375,3215.4614,3195.8574,0.02412522044047509,-35.668221678615055,25.963296017513883,3239.0,3787.97998046875
USDCOP,2026-07-26,3212.64990234375,3121.929931640625,3180.1165,3244.3394,0.02388241752388416,-38.238876711343806,26.38322335403312,3212.64990234375,3787.97998046875
USDCOP,2026-08-02,3121.929931640625,3158.610107421875,3155.7815,3137.2842,0.03076767023975634,-42.824806247336454,25.099896233412622,3121.929931640625,3787.97998046875
USDCOP,2026-08-09,3158.610107421875,3123.840087890625,3221.9998,3222.6724,0.024916165089814982,-40.205482680787256,20.38652990718144,3121.929931640625,3690.830078125
USDCOP,2026-08-16,3123.840087890625,3074.60009765625,3145.2405,3177.8062,0.024458367792449014,-37.67550344449677,11.141936229390794,3121.929931640625,3651.300048828125
USDCOP,2026-08-23,3074.60009765625,3162.0400390625,3165.7883,3043.9866,0.025429031127771663,-36.17171882814685,4.812787252336676,3074.60009765625,3577.669921875
