unique_id,ds,cutoff,TFT,y,y_lvl,y_next_lvl,retorno_fwd
CLP=X,2026-06-22,2026-06-19,-0.0035011084,-0.0011435940032483,0.0011096192625677,0.0011038136613783,-0.005232065975464192
CLP=X,2026-06-23,2026-06-22,0.006233736,-0.0052458011625727,0.0011038136613783,0.0010947267365891,-0.008232299623700479
CLP=X,2026-06-24,2026-06-23,0.0020098102,-0.0082663721278207,0.0010947267365891,0.0010890636578447,-0.005173052374736539
CLP=X,2026-06-25,2026-06-24,-0.006062919,-0.0051864789344123,0.0010890636578447,0.0010871573893226,-0.0017503738265149916
CLP=X,2026-06-26,2026-06-25,0.0016389868,-0.0017519075206932,0.0010871573893226,0.0010846104736406,-0.0023427294953005805
CLP=X,2026-06-29,2026-06-26,-0.0050959615,-0.0023454779795609,0.0010846104736406,0.0010848810855379,0.00024950146054882966
CLP=X,2026-06-30,2026-06-29,0.00080028246,0.0002494703402769,0.0010848810855379,0.0010851047582413,0.00020617255327036945
CLP=X,2026-07-01,2026-06-30,-0.0016922326,0.0002061513026073,0.0010851047582413,0.0010810109643041,-0.0037727177086893143
CLP=X,2026-07-02,2026-07-01,-0.0050365087,-0.0037798523584612,0.0010810109643041,0.0010813850493764,0.000346051136068495
CLP=X,2026-07-03,2026-07-02,-0.0024893545,0.0003459912742164,0.0010813850493764,0.0010859649568175,0.004235223562357562
CLP=X,2026-07-06,2026-07-03,-0.0043437397,0.0042262802454582,0.0010859649568175,0.0010780741085145,-0.007266208963247581
CLP=X,2026-07-07,2026-07-06,0.00017159968,-0.0072927364405786,0.0010780741085145,0.0010793424759473,0.0011765122849929485
CLP=X,2026-07-08,2026-07-07,0.0010100453,0.0011758207368091,0.0010793424759473,0.0010699078046914,-0.00874112847974372
CLP=X,2026-07-09,2026-07-08,-0.0030781515,-0.0087795562418768,0.0010699078046914,0.0010787951759471,0.008306670179178108
CLP=X,2026-07-10,2026-07-09,-0.0030055833,0.0082723596676377,0.0010787951759471,0.001078899959291,9.712997076398078e-05
CLP=X,2026-07-13,2026-07-10,0.00021349452,9.712525389003853e-05,0.001078899959291,0.0010746910263299,-0.003901133673103382
CLP=X,2026-07-14,2026-07-13,-0.0056816237,-0.0039087629433927,0.0010746910263299,0.0010810226616897,0.00589158670229404
CLP=X,2026-07-15,2026-07-14,0.003629477,0.0058742991727712,0.0010810226616897,0.0010816891886538,0.0006165707600044375
CLP=X,2026-07-16,2026-07-15,-0.0060940366,0.0006163807584052,0.0010816891886538,0.0010820988331904,0.0003787081731950498
CLP=X,2026-07-17,2026-07-16,-0.0024905684,0.0003786364813477,0.0010820988331904,0.001070686760864,-0.01054623845471978
CLP=X,2026-07-20,2026-07-17,-0.0004996297,-0.010602244141712,0.001070686760864,0.0010709160279996,0.00021413091482974973
CLP=X,2026-07-21,2026-07-20,-0.0018255069,0.0002141079920259,0.0010709160279996,0.0010704689920401,-0.0004174332513585981
CLP=X,2026-07-22,2026-07-21,0.005806497,-0.0004175204008647,0.0010704689920401,0.0010684445556248,-0.0018911677314835341
CLP=X,2026-07-23,2026-07-22,0.0010758855,-0.0018929582470075,0.0010684445556248,0.0010616950858888,-0.006317098721190149
CLP=X,2026-07-24,2026-07-23,-0.0033402918,-0.0063371360189417,0.0010616950858888,0.001057093637695,-0.004334058106662531
CLP=X,2026-07-27,2026-07-24,-0.00017163088,-0.0043434773620212,0.001057093637695,0.0010637845446727,0.006329531026494221
CLP=X,2026-07-28,2026-07-27,0.002867185,0.0063095836722968,0.0010637845446727,0.001070228381145,0.006057463895832898
CLP=X,2026-07-29,2026-07-28,-0.008011532,0.0060391912149789,0.001070228381145,0.0010696217055387,-0.0005668655559769503
CLP=X,2026-07-30,2026-07-29,-0.011344221,-0.0005670262850042,0.0010696217055387,0.0010810226616897,0.010658867608953572
CLP=X,2026-07-31,2026-07-30,-0.0031427548,0.010602462336497,0.0010810226616897,0.001083482297821,0.0022752863732342483
CLP=X,2026-08-03,2026-07-31,-0.007309385,0.0022727018288228,0.001083482297821,0.0010814786289486,-0.0018492862102403892
CLP=X,2026-08-04,2026-08-03,-0.0034492533,-0.0018509982510147,0.0010814786289486,0.0010935415173676,0.01115407008155806
CLP=X,2026-08-05,2026-08-04,0.0036028572,0.0110923221779004,0.0010935415173676,0.0010946667600269,0.00102898942694789
CLP=X,2026-08-06,2026-08-05,-0.000875455,0.0010284603802225,0.0010946667600269,0.0010924424770759,-0.0020319270048405574
CLP=X,2026-08-07,2026-08-06,0.0022264468,-0.0020339941691551,0.0010924424770759,0.0010958904109589,0.0031561697346563482
CLP=X,2026-08-10,2026-08-07,-0.0019523642,0.0031511994861114,0.0010958904109589,0.0010929081308789,-0.0027213305729999093
CLP=X,2026-08-11,2026-08-10,0.0005580071,-0.0027250401244735,0.0010929081308789,0.0010946667600269,0.0016091280669543885
CLP=X,2026-08-12,2026-08-11,-0.0010635924,0.0016078348075172,0.0010946667600269,0.001093984148848,-0.0006235789774809152
CLP=X,2026-08-13,2026-08-12,-5.2940566e-05,-0.0006237734836574,0.001093984148848,0.0010940919037199,9.849765374895249e-05
CLP=X,2026-08-14,2026-08-13,0.0035573053,9.849280311036748e-05,0.0010940919037199,0.0010951703282636,0.0009856800329417666
CLP=X,2026-08-17,2026-08-14,0.0031173322,0.0009851945694123,0.0010951703282636,0.0010931470873308,-0.0018474212463443173
CLP=X,2026-08-18,2026-08-17,0.002523295,-0.0018491298336807,0.0010931470873308,0.0010834940487515,-0.008830502949854975
CLP=X,2026-08-19,2026-08-18,-0.0029133938,-0.0088697228996209,0.0010834940487515,0.0010855877688501,0.001932378032913579
CLP=X,2026-08-20,2026-08-19,-0.0052042934,0.0019305133921921,0.0010855877688501,0.0010842811528322,-0.0012036023759590508
CLP=X,2026-08-21,2026-08-20,0.0007185781,-0.0012043272869564,0.0010842811528322,0.0010856230876196,0.0012376262225851798
CLP=X,2026-08-24,2026-08-21,-0.0020519395,0.0012368609945472,0.0010856230876196,0.0010962628370444,0.009800592439618552
CLP=X,2026-08-25,2026-08-24,0.0048531364,0.009752878132544,0.0010962628370444,0.0010955662199702,-0.0006354471306152655
CLP=X,2026-08-26,2026-08-25,0.00087144255,-0.0006356491127366,0.0010955662199702,0.0010878788884831,-0.007016765711623484
CLP=X,2026-08-27,2026-08-26,-0.007438479,-0.0070414989784214,0.0010878788884831,0.0010838111334736,-0.0037391616406601187
CLP=X,2026-08-28,2026-08-27,0.0014303853,-0.0037461697806544,0.0010838111334736,0.0010735257694671,-0.009489996632102945
CLP=X,2026-08-31,2026-08-28,-0.00032203383,-0.0095353135831989,0.0010735257694671,0.0010706293894563,-0.0026980069721454234
CLP=X,2026-09-01,2026-08-31,0.010574866,-0.0027016531527282,0.0010706293894563,0.0010687871236201,-0.0017207316129585852
CLP=X,2026-09-02,2026-09-01,-0.002056359,-0.0017222137721184,0.0010687871236201,0.0010665529287957,-0.002090402078229075
CLP=X,2026-09-03,2026-09-02,-0.0033390005,-0.0020925900182883,0.0010665529287957,0.0010722250646482,0.005318194436824349
CLP=X,2026-09-04,2026-09-03,0.0061043436,0.0053041027801969,0.0010722250646482,0.0010746217359692,0.0022352315759251924
CLP=X,2026-09-07,2026-09-04,-0.0036584018,0.0022327371622047,0.0010746217359692,0.0010707899049294,-0.003565748683041603
CLP=X,2026-09-08,2026-09-07,-0.004147451,-0.0035721211177262,0.0010707899049294,0.0010817476801087,0.010233356822711521
CLP=X,2026-09-09,2026-09-08,-0.0012433579,0.0101813505251764,0.0010817476801087,0.001079692068975,-0.0019002685852706883
CLP=X,2026-09-10,2026-09-09,-0.01270116,-0.0019020763861798,0.001079692068975,0.0010634677473742,-0.015026804463056119
CLP=X,2026-09-11,2026-09-10,-0.003005555,-0.015140850833224,0.0010634677473742,0.0010685701267733,0.004797869433932676
