ds,estrategia,posicion,pnl,capital
2025-07-17,Kelly diario (solo CLP),1.0,0.25898236622107484,100.25898236622108
2025-07-18,Kelly diario (solo CLP),1.0,0.11031282754112982,100.36929519376221
2025-07-21,Kelly diario (solo CLP),1.0,1.028302656609904,101.39759785037212
2025-07-22,Kelly diario (solo CLP),1.0,0.3617433138270162,101.75934116419914
2025-07-23,Kelly diario (solo CLP),1.0,0.2329135622672396,101.99225472646638
2025-07-24,Kelly diario (solo CLP),1.0,-0.18148687495531046,101.81076785151107
2025-07-25,Kelly diario (solo CLP),1.0,1.3960948647819518,103.20686271629303
2025-07-28,Kelly diario (solo CLP),-1.0,2.2802206715468523,105.48708338783989
2025-07-29,Kelly diario (solo CLP),1.0,-0.2372989958386053,105.24978439200129
2025-07-30,Kelly diario (solo CLP),-1.0,2.2198175691817252,107.46960196118302
2025-07-31,Kelly diario (solo CLP),-1.0,-1.0203068449233466,106.44929511625968
2025-08-01,Kelly diario (solo CLP),-1.0,-2.8426496198734292,103.60664549638625
2025-08-04,Kelly diario (solo CLP),-1.0,2.076533050362888,105.68317854674913
2025-08-05,Kelly diario (solo CLP),-1.0,0.007649553833005391,105.69082810058214
2025-08-06,Kelly diario (solo CLP),-1.0,0.8677853399567761,106.55861344053892
2025-08-07,Kelly diario (solo CLP),1.0,0.4433443300653686,107.00195777060429
2025-08-08,Kelly diario (solo CLP),1.0,0.22665554218555367,107.22861331278985
2025-08-11,Kelly diario (solo CLP),-1.0,0.047114675987215485,107.27572798877706
2025-08-12,Kelly diario (solo CLP),1.0,1.3305681255613735,108.60629611433843
2025-08-13,Kelly diario (solo CLP),-1.0,-0.47955074454881697,108.12674536978962
2025-08-14,Kelly diario (solo CLP),-1.0,1.44354311980507,109.57028848959469
2025-08-15,Kelly diario (solo CLP),1.0,0.16240352469759267,109.73269201429228
2025-08-18,Kelly diario (solo CLP),-1.0,-0.04461523914042627,109.68807677515186
2025-08-19,Kelly diario (solo CLP),-1.0,-0.07403631153117828,109.61404046362068
2025-08-20,Kelly diario (solo CLP),-1.0,0.3098572888217195,109.9238977524424
2025-08-21,Kelly diario (solo CLP),-0.26551532359656477,0.12555928106184733,110.04945703350425
2025-08-22,Kelly diario (solo CLP),1.0,1.1962640370750124,111.24572107057926
2025-08-25,Kelly diario (solo CLP),-1.0,0.24615517459512426,111.4918762451744
2025-08-26,Kelly diario (solo CLP),-0.4531719409502614,0.179754946846719,111.67163119202111
2025-08-27,Kelly diario (solo CLP),-1.0,0.18869078307135867,111.86032197509248
2025-08-28,Kelly diario (solo CLP),1.0,-0.015480096487031636,111.84484187860545
2025-08-29,Kelly diario (solo CLP),1.0,0.21536063896378696,112.06020251756924
2025-09-01,Kelly diario (solo CLP),-1.0,0.059859077170215366,112.12006159473945
2025-09-02,Kelly diario (solo CLP),1.0,-0.7680862028045997,111.35197539193486
2025-09-03,Kelly diario (solo CLP),1.0,0.601683492264159,111.95365888419902
2025-09-04,Kelly diario (solo CLP),-1.0,0.385277447537818,112.33893633173683
2025-09-05,Kelly diario (solo CLP),1.0,0.5283504721127938,112.86728680384962
2025-09-08,Kelly diario (solo CLP),-1.0,0.33101750663234963,113.19830431048197
2025-09-09,Kelly diario (solo CLP),1.0,0.33803163140439113,113.53633594188636
2025-09-10,Kelly diario (solo CLP),1.0,0.6235432459151198,114.15987918780148
2025-09-11,Kelly diario (solo CLP),1.0,1.084849406683351,115.24472859448483
2025-09-12,Kelly diario (solo CLP),-1.0,-1.5962554567858065,113.64847313769901
2025-09-15,Kelly diario (solo CLP),-1.0,1.3475686108403337,114.99604174853934
2025-09-16,Kelly diario (solo CLP),1.0,0.4050303597133733,115.40107210825272
2025-09-17,Kelly diario (solo CLP),-1.0,0.47344280758627694,115.874514915839
2025-09-18,Kelly diario (solo CLP),-1.0,0.41493608961081596,116.28945100544982
2025-09-19,Kelly diario (solo CLP),1.0,-0.04353211500770972,116.24591889044211
2025-09-22,Kelly diario (solo CLP),-1.0,0.045253509539737266,116.29117239998185
2025-09-23,Kelly diario (solo CLP),-1.0,-0.9444634199637674,115.34670898001808
2025-09-24,Kelly diario (solo CLP),1.0,-0.5326233269758717,114.81408565304221
2025-09-25,Kelly diario (solo CLP),-1.0,0.7949025763869374,115.60898822942914
2025-09-26,Kelly diario (solo CLP),1.0,-0.10359034269433212,115.50539788673481
2025-09-29,Kelly diario (solo CLP),1.0,-0.6499818257620105,114.8554160609728
2025-09-30,Kelly diario (solo CLP),1.0,0.4397011064454882,115.29511716741828
2025-10-01,Kelly diario (solo CLP),1.0,0.20546838226586747,115.50058554968415
2025-10-02,Kelly diario (solo CLP),1.0,-0.23064594539781055,115.26993960428634
2025-10-03,Kelly diario (solo CLP),1.0,1.71977824100128,116.98971784528761
2025-10-06,Kelly diario (solo CLP),-1.0,1.6564902459917403,118.64620809127935
2025-10-07,Kelly diario (solo CLP),1.0,0.22767221033004664,118.87388030160939
2025-10-08,Kelly diario (solo CLP),1.0,1.0805939154007296,119.95447421701012
2025-10-09,Kelly diario (solo CLP),1.0,-0.0587216401199274,119.89575257689019
2025-10-10,Kelly diario (solo CLP),-1.0,-0.4941912904081833,119.401561286482
2025-10-13,Kelly diario (solo CLP),1.0,-1.2480316805731904,118.15352960590882
2025-10-14,Kelly diario (solo CLP),-1.0,0.46968292496092245,118.62321253086974
2025-10-15,Kelly diario (solo CLP),0.776983432706378,0.12016128668013021,118.74337381754987
2025-10-16,Kelly diario (solo CLP),-1.0,-0.5753961855476192,118.16797763200225
2025-10-17,Kelly diario (solo CLP),-1.0,0.6986940538182739,118.86667168582052
2025-10-20,Kelly diario (solo CLP),1.0,1.2035804482519996,120.07025213407252
2025-10-21,Kelly diario (solo CLP),-1.0,-0.009526653865639431,120.06072548020688
2025-10-22,Kelly diario (solo CLP),1.0,0.09166675351345567,120.15239223372033
2025-10-23,Kelly diario (solo CLP),1.0,0.35654627321644916,120.50893850693679
2025-10-24,Kelly diario (solo CLP),1.0,2.0693542991048037,122.57829280604159
2025-10-27,Kelly diario (solo CLP),-1.0,1.1054369399636783,123.68372974600527
2025-10-28,Kelly diario (solo CLP),1.0,-0.3506627684295873,123.33306697757568
2025-10-29,Kelly diario (solo CLP),1.0,0.20849896223399728,123.54156593980969
2025-10-30,Kelly diario (solo CLP),-1.0,0.1362600095457396,123.67782594935542
2025-10-31,Kelly diario (solo CLP),-1.0,-1.761706255354368,121.91611969400105
2025-11-03,Kelly diario (solo CLP),-1.0,1.2652358242887252,123.18135551828978
2025-11-04,Kelly diario (solo CLP),-1.0,1.0230493083941676,124.20440482668394
2025-11-05,Kelly diario (solo CLP),1.0,0.32891243694105615,124.533317263625
2025-11-06,Kelly diario (solo CLP),-1.0,-0.2499897820393144,124.28332748158569
2025-11-07,Kelly diario (solo CLP),-1.0,-1.6042424334143324,122.67908504817136
2025-11-10,Kelly diario (solo CLP),1.0,-1.0355504991975557,121.6435345489738
2025-11-11,Kelly diario (solo CLP),1.0,0.23532218868933863,121.87885673766314
2025-11-12,Kelly diario (solo CLP),1.0,0.8011425399003393,122.67999927756348
2025-11-13,Kelly diario (solo CLP),-1.0,-0.07982221022658709,122.6001770673369
2025-11-14,Kelly diario (solo CLP),-1.0,-1.485041454579658,121.11513561275724
2025-11-17,Kelly diario (solo CLP),-1.0,0.6706187387144595,121.7857543514717
2025-11-18,Kelly diario (solo CLP),-1.0,1.1147505369043815,122.90050488837608
2025-11-19,Kelly diario (solo CLP),1.0,-0.06804237102767173,122.8324625173484
2025-11-20,Kelly diario (solo CLP),-1.0,-0.29911652401803324,122.53334599333037
2025-11-21,Kelly diario (solo CLP),1.0,-1.1605226380633067,121.37282335526706
2025-11-24,Kelly diario (solo CLP),1.0,-0.2670975393333559,121.10572581593371
2025-11-25,Kelly diario (solo CLP),1.0,0.7357316029191566,121.84145741885287
2025-11-26,Kelly diario (solo CLP),1.0,1.2188107061444184,123.0602681249973
2025-11-27,Kelly diario (solo CLP),-1.0,0.09513546915247868,123.15540359414977
2025-11-28,Kelly diario (solo CLP),1.0,-0.153190764394243,123.00221282975554
2025-12-01,Kelly diario (solo CLP),1.0,-0.22898033854375363,122.77323249121179
2025-12-02,Kelly diario (solo CLP),-1.0,-0.8378051555894798,121.93542733562231
2025-12-03,Kelly diario (solo CLP),1.0,0.6041721127810393,122.53959944840335
2025-12-04,Kelly diario (solo CLP),-1.0,-0.2242629461624355,122.31533650224091
2025-12-05,Kelly diario (solo CLP),1.0,-0.6120830519228129,121.7032534503181
2025-12-08,Kelly diario (solo CLP),1.0,-0.17278930569049686,121.5304641446276
2025-12-09,Kelly diario (solo CLP),-1.0,0.3317839251437897,121.8622480697714
2025-12-10,Kelly diario (solo CLP),1.0,0.2492215868151229,122.11146965658652
2025-12-11,Kelly diario (solo CLP),1.0,1.280251672975966,123.39172132956249
2025-12-12,Kelly diario (solo CLP),-1.0,-0.6042261000939045,122.78749522946858
2025-12-15,Kelly diario (solo CLP),-1.0,0.5482147331426885,123.33570996261126
2025-12-16,Kelly diario (solo CLP),-1.0,-0.0526610761839012,123.28304888642737
2025-12-17,Kelly diario (solo CLP),1.0,-0.5964719574378893,122.68657692898948
2025-12-18,Kelly diario (solo CLP),-1.0,-0.9747789868069067,121.71179794218257
2025-12-19,Kelly diario (solo CLP),1.0,0.006008427383318339,121.71780636956589
2025-12-22,Kelly diario (solo CLP),-1.0,-0.16660677168692092,121.55119959787898
2025-12-23,Kelly diario (solo CLP),1.0,0.21117374041802756,121.76237333829701
2025-12-24,Kelly diario (solo CLP),1.0,0.46746618512195404,122.22983952341896
2025-12-26,Kelly diario (solo CLP),1.0,-0.209258023426943,122.02058149999202
2025-12-29,Kelly diario (solo CLP),-1.0,1.1201536876519633,123.14073518764398
2025-12-30,Kelly diario (solo CLP),1.0,1.8964975204044745,125.03723270804846
2025-12-31,Kelly diario (solo CLP),-1.0,-0.10421267494173811,124.93302003310673
2026-01-02,Kelly diario (solo CLP),1.0,-0.9476924947116486,123.98532753839508
2026-01-05,Kelly diario (solo CLP),1.0,0.2865552387177748,124.27188277711286
2026-01-06,Kelly diario (solo CLP),1.0,1.403474972723687,125.67535774983655
2026-01-07,Kelly diario (solo CLP),-1.0,0.1351938626910466,125.81055161252759
2026-01-08,Kelly diario (solo CLP),-1.0,0.23155060859513635,126.04210222112273
2026-01-09,Kelly diario (solo CLP),1.0,0.19902746339525146,126.24112968451799
2026-01-12,Kelly diario (solo CLP),1.0,1.5657491845913374,127.80687886910933
2026-01-13,Kelly diario (solo CLP),-1.0,0.2074280038973043,128.01430687300663
2026-01-14,Kelly diario (solo CLP),1.0,0.5474880867115416,128.56179495971818
2026-01-15,Kelly diario (solo CLP),-1.0,0.10615921235301118,128.6679541720712
2026-01-16,Kelly diario (solo CLP),-1.0,0.5343065568986685,129.20226072896986
2026-01-19,Kelly diario (solo CLP),-1.0,0.1601723630073276,129.36243309197718
2026-01-20,Kelly diario (solo CLP),-1.0,-0.39191324871689626,128.9705198432603
2026-01-21,Kelly diario (solo CLP),-1.0,-1.5133971865019635,127.45712265675833
2026-01-22,Kelly diario (solo CLP),-1.0,-0.4535024028550251,127.0036202539033
2026-01-23,Kelly diario (solo CLP),1.0,0.11313049988091771,127.11675075378423
2026-01-26,Kelly diario (solo CLP),1.0,0.8012816054041783,127.91803235918842
2026-01-27,Kelly diario (solo CLP),-1.0,-0.7840831358880257,127.13394922330039
2026-01-28,Kelly diario (solo CLP),1.0,-0.46010543853970287,126.67384378476069
2026-01-29,Kelly diario (solo CLP),1.0,0.4836048369874524,127.15744862174815
2026-01-30,Kelly diario (solo CLP),-1.0,0.9305644720120875,128.08801309376022
2026-02-02,Kelly diario (solo CLP),-1.0,-0.12141012201927857,127.96660297174094
2026-02-03,Kelly diario (solo CLP),1.0,0.6903904845025809,128.65699345624353
2026-02-04,Kelly diario (solo CLP),-1.0,-0.3386630280444912,128.31833042819903
2026-02-05,Kelly diario (solo CLP),-1.0,1.1851013234476866,129.50343175164673
2026-02-06,Kelly diario (solo CLP),1.0,0.8112590565270983,130.31469080817382
2026-02-09,Kelly diario (solo CLP),1.0,1.2261416655689168,131.54083247374274
2026-02-10,Kelly diario (solo CLP),-1.0,0.36338441306815256,131.9042168868109
2026-02-11,Kelly diario (solo CLP),1.0,0.09155933508667626,131.9957762218976
2026-02-12,Kelly diario (solo CLP),-1.0,0.31460204158838906,132.31037826348597
2026-02-13,Kelly diario (solo CLP),1.0,-0.954469471168193,131.3559087923178
2026-02-16,Kelly diario (solo CLP),1.0,0.012188882857122921,131.3680976751749
2026-02-17,Kelly diario (solo CLP),-1.0,0.4502411190722239,131.81833879424713
2026-02-18,Kelly diario (solo CLP),1.0,0.5659485823658925,132.38428737661303
2026-02-19,Kelly diario (solo CLP),-1.0,0.4587403732917851,132.84302774990482
2026-02-20,Kelly diario (solo CLP),1.0,-0.278014336790234,132.5650134131146
2026-02-23,Kelly diario (solo CLP),-1.0,-0.0662825067065573,132.49873090640804
2026-02-24,Kelly diario (solo CLP),1.0,0.8174323814329598,133.316163287841
2026-02-25,Kelly diario (solo CLP),1.0,0.6428125687749316,133.95897585661592
2026-02-26,Kelly diario (solo CLP),-1.0,1.2707915401339784,135.2297673967499
2026-02-27,Kelly diario (solo CLP),1.0,-1.3050565371469407,133.92471085960295
2026-03-02,Kelly diario (solo CLP),1.0,-1.4399278730675034,132.48478298653546
2026-03-03,Kelly diario (solo CLP),-1.0,2.4762133234481847,134.96099630998364
2026-03-04,Kelly diario (solo CLP),1.0,0.768496323811023,135.72949263379468
2026-03-05,Kelly diario (solo CLP),-1.0,1.6241235258059379,137.35361615960062
2026-03-06,Kelly diario (solo CLP),1.0,-0.8558083214334047,136.4978078381672
2026-03-09,Kelly diario (solo CLP),1.0,-0.5863835298409849,135.91142430832622
2026-03-10,Kelly diario (solo CLP),1.0,3.996181087948502,139.90760539627473
2026-03-11,Kelly diario (solo CLP),-1.0,1.216907906416719,141.12451330269144
2026-03-12,Kelly diario (solo CLP),1.0,-2.961789964895175,138.16272333779625
2026-03-13,Kelly diario (solo CLP),1.0,-0.1522244728015496,138.0104988649947
2026-03-16,Kelly diario (solo CLP),1.0,1.1063116565044493,139.11681052149916
2026-03-17,Kelly diario (solo CLP),-1.0,-0.4545851039626707,138.6622254175365
2026-03-18,Kelly diario (solo CLP),-1.0,1.2455147222257894,139.90774013976227
2026-03-19,Kelly diario (solo CLP),-1.0,-0.4047808604399126,139.50295927932237
2026-03-20,Kelly diario (solo CLP),-1.0,2.265014558576509,141.76797383789886
2026-03-23,Kelly diario (solo CLP),1.0,2.5553129710193137,144.32328680891817
2026-03-24,Kelly diario (solo CLP),-1.0,0.9787654890445839,145.30205229796275
2026-03-25,Kelly diario (solo CLP),1.0,0.03354615238530066,145.33559845034804
2026-03-26,Kelly diario (solo CLP),-1.0,1.7047938761739962,147.04039232652204
2026-03-27,Kelly diario (solo CLP),1.0,0.774251596977601,147.81464392349963
2026-03-30,Kelly diario (solo CLP),-1.0,1.1178643711161915,148.93250829461581
2026-03-31,Kelly diario (solo CLP),1.0,0.58648162153353,149.51898991614934
2026-04-01,Kelly diario (solo CLP),1.0,2.2367322267831864,151.7557221429325
2026-04-02,Kelly diario (solo CLP),-1.0,0.5930689834263623,152.34879112635886
2026-04-03,Kelly diario (solo CLP),1.0,-0.5517612528193581,151.79702987353951
2026-04-06,Kelly diario (solo CLP),1.0,0.5634612749909799,152.36049114853049
2026-04-07,Kelly diario (solo CLP),-1.0,0.005290249945919451,152.3657813984764
2026-04-08,Kelly diario (solo CLP),1.0,3.1894238810964124,155.55520527957282
2026-04-09,Kelly diario (solo CLP),-1.0,-1.0565156611826505,154.49868961839016
2026-04-10,Kelly diario (solo CLP),1.0,-0.5643557299413117,153.93433388844886
2026-04-13,Kelly diario (solo CLP),1.0,-0.07740876331038822,153.85692512513847
2026-04-14,Kelly diario (solo CLP),1.0,1.5034542497169177,155.3603793748554
2026-04-15,Kelly diario (solo CLP),-1.0,-0.30238932803594126,155.05799004681947
2026-04-16,Kelly diario (solo CLP),1.0,-0.28225882780958533,154.77573121900988
2026-04-17,Kelly diario (solo CLP),1.0,-0.7301419210303494,154.04558929797955
2026-04-20,Kelly diario (solo CLP),-1.0,-1.667795303822389,152.37779399415714
2026-04-21,Kelly diario (solo CLP),-1.0,1.8313953666782943,154.20918936083544
2026-04-22,Kelly diario (solo CLP),1.0,0.3059393673714629,154.5151287282069
2026-04-23,Kelly diario (solo CLP),-1.0,0.7415515910220116,155.2566803192289
2026-04-24,Kelly diario (solo CLP),-1.0,0.28414283309106847,155.54082315231997
2026-04-27,Kelly diario (solo CLP),-1.0,-0.44736784536380286,155.09345530695617
2026-04-28,Kelly diario (solo CLP),-1.0,-0.4211817862695353,154.67227352068664
2026-04-29,Kelly diario (solo CLP),-1.0,2.2829625550909993,156.95523607577763
2026-04-30,Kelly diario (solo CLP),1.0,0.6187371306220012,157.57397320639964
2026-05-01,Kelly diario (solo CLP),-1.0,-0.2925602764445127,157.28141292995514
2026-05-04,Kelly diario (solo CLP),-1.0,2.1512028631648534,159.43261579312
2026-05-05,Kelly diario (solo CLP),1.0,1.1360826371538069,160.5686984302738
2026-05-06,Kelly diario (solo CLP),1.0,1.5588868053750715,162.12758523564887
2026-05-07,Kelly diario (solo CLP),-1.0,-1.1097619462909187,161.01782328935795
2026-05-08,Kelly diario (solo CLP),1.0,-0.3891282687965999,160.62869502056134
2026-05-11,Kelly diario (solo CLP),1.0,-0.9023039164399828,159.72639110412135
2026-05-12,Kelly diario (solo CLP),1.0,-2.7537915402202415,156.9725995639011
2026-05-13,Kelly diario (solo CLP),1.0,4.6633986497678706,161.63599821366898
2026-05-14,Kelly diario (solo CLP),-1.0,1.3072657528488192,162.9432639665178
2026-05-15,Kelly diario (solo CLP),-1.0,0.6225638155529399,163.56582778207076
2026-05-18,Kelly diario (solo CLP),1.0,-0.5849262093847998,162.98090157268595
2026-05-19,Kelly diario (solo CLP),-1.0,0.734292711172434,163.71519428385838
2026-05-20,Kelly diario (solo CLP),1.0,1.2494212263155848,164.96461551017396
2026-05-21,Kelly diario (solo CLP),-1.0,0.029542164729296466,164.99415767490325
2026-05-22,Kelly diario (solo CLP),1.0,0.23217411601418425,165.22633179091744
2026-05-25,Kelly diario (solo CLP),-1.0,-0.06786934692023859,165.1584624439972
2026-05-26,Kelly diario (solo CLP),1.0,0.4495769608848149,165.60803940488202
2026-05-27,Kelly diario (solo CLP),-1.0,-0.04575422452274314,165.56228518035928
2026-05-28,Kelly diario (solo CLP),1.0,0.48584665658281523,166.0481318369421
2026-05-29,Kelly diario (solo CLP),-1.0,-0.3387402710443186,165.7093915658978
2026-06-01,Kelly diario (solo CLP),1.0,-0.5175974199698117,165.191794145928
2026-06-02,Kelly diario (solo CLP),1.0,0.3972947450260499,165.58908889095403
2026-06-03,Kelly diario (solo CLP),-1.0,0.8719356529670115,166.46102454392104
2026-06-04,Kelly diario (solo CLP),1.0,-0.2077529613328915,166.25327158258816
2026-06-05,Kelly diario (solo CLP),-1.0,3.3046396760711643,169.55791125865932
2026-06-08,Kelly diario (solo CLP),1.0,-1.6757803264118913,167.88213093224743
2026-06-09,Kelly diario (solo CLP),-1.0,-1.2728517285643535,166.6092792036831
2026-06-10,Kelly diario (solo CLP),-1.0,-0.22756354014901348,166.38171566353407
2026-06-11,Kelly diario (solo CLP),-1.0,-1.6821394829611058,164.69957618057296
2026-06-12,Kelly diario (solo CLP),1.0,1.1834349538531588,165.8830111344261
2026-06-15,Kelly diario (solo CLP),1.0,1.7036228205649302,167.58663395499104
2026-06-16,Kelly diario (solo CLP),-1.0,-0.9754257084316853,166.61120824655936
2026-06-17,Kelly diario (solo CLP),-1.0,0.20488579823867129,166.81609404479804
2026-06-18,Kelly diario (solo CLP),-1.0,2.5628979207211664,169.3789919655192
2026-06-19,Kelly diario (solo CLP),1.0,-0.27827958014492576,169.10071238537427
2026-06-22,Kelly diario (solo CLP),-1.0,0.8001957275055859,169.90090811287985
2026-06-23,Kelly diario (solo CLP),-1.0,1.3986751819240304,171.29958329480388
2026-06-24,Kelly diario (solo CLP),-1.0,0.8861417161545647,172.18572501095844
2026-06-25,Kelly diario (solo CLP),1.0,-0.3874822488641686,171.79824276209428
2026-06-26,Kelly diario (solo CLP),1.0,-0.40247681055956774,171.3957659515347
2026-06-29,Kelly diario (solo CLP),-1.0,-0.12846137691256065,171.26730457462216
2026-06-30,Kelly diario (solo CLP),1.0,-0.050323034811427206,171.21698153981072
2026-07-01,Kelly diario (solo CLP),-1.0,0.56034484751367,171.7773263873244
2026-07-02,Kelly diario (solo CLP),1.0,-0.02644492424651993,171.75088146307786
2026-07-03,Kelly diario (solo CLP),1.0,0.727403380028108,172.47828484310597
2026-07-06,Kelly diario (solo CLP),1.0,-1.2532632592925461,171.22502158381343
2026-07-07,Kelly diario (solo CLP),1.0,0.20144834139153928,171.42646992520497
2026-07-08,Kelly diario (solo CLP),-1.0,1.412747563482537,172.8392174886875
2026-07-09,Kelly diario (solo CLP),1.0,1.3492987649614159,174.1885162536489
2026-07-10,Kelly diario (solo CLP),1.0,0.01691892549113811,174.20543517914004
2026-07-13,Kelly diario (solo CLP),1.0,-0.6795986892149717,173.52583648992507
2026-07-14,Kelly diario (solo CLP),1.0,1.0223425107684925,174.54817900069355
2026-07-15,Kelly diario (solo CLP),-1.0,-0.194895392884195,174.35328360780935
2026-07-16,Kelly diario (solo CLP),1.0,-0.021147628278232786,174.3321359795311
2026-07-17,Kelly diario (solo CLP),-1.0,1.7513822083710033,176.08351818790211
2026-07-20,Kelly diario (solo CLP),1.0,-0.0503368342579347,176.03318135364418
2026-07-21,Kelly diario (solo CLP),1.0,-0.07348210323944944,175.95969925040473
2026-07-22,Kelly diario (solo CLP),-1.0,0.2447894556387105,176.20448870604343
2026-07-23,Kelly diario (solo CLP),-1.0,1.1131011502729111,177.31758985631635
2026-07-24,Kelly diario (solo CLP),1.0,-0.8571635326987879,176.46042632361755
2026-07-27,Kelly diario (solo CLP),1.0,1.116911743363735,177.5773380669813
2026-07-28,Kelly diario (solo CLP),-1.0,-1.1644569830923428,176.41288108388895
2026-07-29,Kelly diario (solo CLP),-1.0,0.10000238591711433,176.51288346980607
2026-07-30,Kelly diario (solo CLP),1.0,1.7931710144444093,178.30605448425047
2026-07-31,Kelly diario (solo CLP),-1.0,-0.49485036327530374,177.81120412097516
2026-08-03,Kelly diario (solo CLP),1.0,-0.417729409867646,177.39347471110753
2026-08-04,Kelly diario (solo CLP),1.0,1.9786592489387906,179.3721339600463
2026-08-05,Kelly diario (solo CLP),1.0,0.1845720293339682,179.55670598938028
2026-08-06,Kelly diario (solo CLP),-0.41250373889639397,0.11346648225708743,179.67017247163736
2026-08-07,Kelly diario (solo CLP),-1.0,-0.6569046468112867,179.01326782482607
2026-08-10,Kelly diario (solo CLP),-1.0,0.48715427870432015,179.50042210353038
2026-08-11,Kelly diario (solo CLP),-1.0,-0.28883916723695063,179.21158293629344
2026-08-12,Kelly diario (solo CLP),-1.0,0.11175257564015009,179.32333551193358
2026-08-13,Kelly diario (solo CLP),-1.0,-0.01766292781036167,179.30567258412322
2026-08-14,Kelly diario (solo CLP),-1.0,-0.1767380212593642,179.12893456286386
2026-08-17,Kelly diario (solo CLP),-1.0,0.3309265995464556,179.4598611624103
2026-08-18,Kelly diario (solo CLP),-1.0,1.5847208333752285,181.04458199578553
2026-08-19,Kelly diario (solo CLP),1.0,0.25932428222878445,181.30390627801432
2026-08-20,Kelly diario (solo CLP),-1.0,0.12756585922786795,181.4314721372422
2026-08-21,Kelly diario (solo CLP),1.0,0.13382861145066227,181.56530074869286
2026-08-24,Kelly diario (solo CLP),-1.0,-1.8702301641890544,179.6950705845038
2026-08-25,Kelly diario (solo CLP),1.0,-0.20403425228088246,179.49103633222293
2026-08-26,Kelly diario (solo CLP),-1.0,1.1697010311135954,180.66073736333652
2026-08-27,Kelly diario (solo CLP),1.0,-0.7658500678040284,179.8948872955325
2026-08-28,Kelly diario (solo CLP),1.0,-1.7072018745671422,178.18768542096535
2026-08-31,Kelly diario (solo CLP),1.0,-0.48075161761621993,177.70693380334913
2026-09-01,Kelly diario (solo CLP),-1.0,0.21693247193568693,177.9238662752848
2026-09-02,Kelly diario (solo CLP),1.0,-0.4608943529660498,177.46297192231876
2026-09-03,Kelly diario (solo CLP),1.0,0.9437825900195913,178.40675451233835
2026-09-04,Kelly diario (solo CLP),1.0,0.398780411044313,178.80553492338265
2026-09-07,Kelly diario (solo CLP),1.0,-0.6375756006736011,178.16795932270904
2026-09-08,Kelly diario (solo CLP),1.0,1.8232563021236332,179.99121562483268
2026-09-09,Kelly diario (solo CLP),1.0,-0.3420316526765522,179.64918397215612
2026-09-10,Kelly diario (solo CLP),-1.0,2.6097285675111075,182.25891253966722
2026-09-11,Kelly diario (solo CLP),1.0,0.7833250092660446,183.04223754893326
