ds,estrategia,precio_entrada,precio_salida,posicion,notional,razon_cierre,pnl,capital
2025-06-25,PPO,935.4400024414062,919.1043090820312,-1.0,309.46205965515526,cierre_periodo,5.249439520601583,105.24943952060158
2025-06-30,PPO,919.1043090820312,925.760009765625,1.0,330.9839901734428,cierre_periodo,2.231331029120595,107.48077054972218
2025-07-03,PPO,925.760009765625,940.9400024414062,1.0,349.37980439565,cierre_periodo,5.728896059287075,113.20966660900926
2025-07-08,PPO,940.9400024414062,949.3114266975475,-1.0,381.73971614445264,stop_loss,-3.587159856342498,109.62250675266677
2025-07-11,PPO,949.5599975585938,945.4687561411932,-1.0,402.4374663055541,trailing_stop,1.733928171254295,111.35643492392106
2025-07-16,PPO,966.8400268554688,963.3900146484376,-1.0,292.5877214428046,cierre_periodo,1.044051945064951,112.40048686898601
2025-07-21,PPO,963.3900146484376,948.0599975585938,-1.0,327.51467938038337,cierre_periodo,5.211602316542812,117.61208918552882
2025-07-24,PPO,948.0599975585938,945.9778071725696,-1.0,364.2592006929486,trailing_stop,0.8000095011464078,118.41209868667522
2025-07-29,PPO,958.5599975585938,965.30707,1.0,317.085477848673,take_profit,2.0733454001716454,120.48544408684687
2025-08-01,PPO,972.2000122070312,960.7263681647058,1.0,306.27396957731025,stop_loss,-3.6145633226054046,116.87088076424146
2025-08-06,PPO,966.3499755859376,967.780029296875,1.0,259.1985108919381,cierre_periodo,0.38357510398415395,117.25445586822562
2025-08-11,PPO,967.780029296875,956.7046217705666,1.0,284.304409498492,trailing_stop,-3.253618695779407,114.00083717244621
2025-08-14,PPO,952.6199951171876,963.7264084828375,-1.0,293.3426121697822,stop_loss,-3.5666964212582797,110.43414075118793
2025-08-19,PPO,963.6900024414062,970.4299926757812,1.0,301.35279621690415,cierre_periodo,1.9569670333455627,112.39110778453349
2025-08-22,PPO,970.4299926757812,966.0499877929688,-1.0,337.7171743872016,cierre_periodo,1.3554171297460162,113.7465249142795
2025-08-27,PPO,966.0499877929688,965.9600219726562,1.0,359.06046489117045,cierre_periodo,-0.21296863591735726,113.53355627836214
2025-09-01,PPO,965.9600219726562,969.50916,1.0,397.008747804887,take_profit,1.4586927118835937,114.99224899024574
2025-09-04,PPO,967.9099731445312,971.0348,1.0,429.8075960438046,take_profit,1.3876025209646234,116.37985151121036
2025-09-09,PPO,970.0399780273438,962.7973458885216,1.0,467.61911873568965,stop_loss,-3.4913955453363115,112.88845596587404
2025-09-12,PPO,952.3400268554688,946.772371236858,-1.0,456.01285239600645,trailing_stop,2.437976781695293,115.32643274756934
2025-09-17,PPO,947.260009765625,954.9400024414062,1.0,422.9282124200743,cierre_periodo,3.2174630524178056,118.54389579998715
2025-09-22,PPO,954.9400024414062,952.010009765625,-1.0,473.94540241244164,cierre_periodo,1.2172092937237247,119.76110509371088
2025-09-25,PPO,952.010009765625,958.847955535373,-1.0,500.21062466253835,stop_loss,-3.5928331528113593,116.16827194089952
2025-09-30,PPO,964.9400024414062,961.469970703125,-1.0,505.65737077943226,cierre_periodo,1.8184002330310964,117.98667217393061
2025-10-03,PPO,961.469970703125,961.31696,-1.0,558.1099336233372,take_profit,0.08881899171776116,118.07549116564837
2025-10-08,PPO,959.1099853515624,958.81494,-1.0,449.75745008631236,take_profit,0.13835623338848588,118.21384739903687
2025-10-13,PPO,947.030029296875,954.1687304678696,-1.0,470.4724039457405,stop_loss,-3.546415421971036,114.66743197706583
2025-10-16,PPO,959.1199951171876,953.6025979591315,1.0,468.91700977394174,trailing_stop,-2.931932637698503,111.73549933936732
2025-10-21,PPO,950.5499877929688,946.9400024414062,1.0,448.8616159602216,cierre_periodo,-1.704680321186848,110.03081901818048
2025-10-24,PPO,946.9400024414062,937.2890731224335,-1.0,485.0676926023138,trailing_stop,4.701131015414102,114.73195003359459
2025-10-29,PPO,942.0999755859376,928.7900390625,-1.0,435.06106741340454,cierre_periodo,6.1465187784236495,120.87846881201824
2025-11-03,PPO,928.7900390625,942.6566,1.0,446.0509902066227,take_profit,6.4363840342835,127.31485284630175
2025-11-06,PPO,943.4199829101562,935.7840236815111,1.0,471.8911116466725,stop_loss,-3.8194455853890474,123.4954072609127
2025-11-11,PPO,937.4400024414062,929.6444069973577,1.0,445.51902051005817,stop_loss,-3.7048622178273933,119.7905450430853
2025-11-14,PPO,929.3800048828124,922.2105344725,1.0,465.8542303637434,stop_loss,-3.593716351292573,116.19682869179273
2025-11-19,PPO,931.9000244140624,931.15405,-1.0,430.6113629220972,take_profit,0.12939337501380893,116.32622206680654
2025-11-24,PPO,938.5700073242188,933.4013508825499,1.0,453.4860414897255,trailing_stop,-2.724067174789674,113.60215489201687
2025-11-27,PPO,925.7000122070312,929.2999877929688,-1.0,445.53144148157406,cierre_periodo,-1.9554029584537087,111.64675193356317
2025-12-02,PPO,929.2999877929688,917.22998046875,-1.0,483.44285603300307,cierre_periodo,6.279090594865633,117.9258425284288
2025-12-05,PPO,917.22998046875,923.3251678371688,-1.0,532.3796219926706,stop_loss,-3.5377752758528156,114.388067252576
2025-12-10,PPO,925.6799926757812,925.6368,-1.0,555.7635990279243,take_profit,-0.2519496014176759,114.13611765115832
2025-12-15,PPO,909.75,907.9870824803364,1.0,535.5237597936442,trailing_stop,-1.305502158364888,112.83061549279343
2026-01-08,PPO,894.8400268554688,895.78326,1.0,487.7852818852449,take_profit,0.5141648020658051,113.34478029485923
2026-01-13,PPO,883.6699829101562,882.510009765625,1.0,475.4640391227704,cierre_periodo,-0.624130645194546,112.7206496496647
2026-01-16,PPO,882.510009765625,884.6099853515625,1.0,511.20104607104645,cierre_periodo,1.2164278074760975,113.93707745714079
2026-01-21,PPO,884.6099853515625,879.177918387093,1.0,556.6382580311476,stop_loss,-3.4181123237142543,110.51896513342653
2026-01-26,PPO,870.0399780273438,862.4400024414062,-1.0,519.0510812270363,cierre_periodo,4.274490877946918,114.79345601137345
2026-01-29,PPO,862.4400024414062,864.5221489729701,-1.0,551.7868813299194,trailing_stop,-1.3321519617262396,113.46130404964721
2026-02-03,PPO,865.1099853515625,864.2842,-1.0,559.0398295348492,take_profit,0.5336279894888059,113.99493203913602
2026-02-06,PPO,866.2100219726562,859.6079,-1.0,546.6861994466245,take_profit,4.166759651770049,118.16169169090607
2026-02-11,PPO,855.1599731445312,859.6669894519439,-1.0,547.8220870903377,trailing_stop,-2.8872294747355833,115.27446221617049
2026-02-16,PPO,862.4000244140625,861.5900268554688,-1.0,560.062545842361,cierre_periodo,0.5260311710917843,115.80049338726228
2026-02-19,PPO,861.5900268554688,866.4000244140625,1.0,594.8261578782873,cierre_periodo,3.0233221640445964,118.82381555130688
2026-02-24,PPO,866.4000244140625,865.3654,-1.0,659.361149885433,take_profit,0.4577053024031856,119.28152085371006
2026-02-27,PPO,865.1699829101562,870.3453648691768,-1.0,598.2097099826372,stop_loss,-3.5784456256113177,115.70307522809874
2026-03-04,PPO,899.9199829101562,901.8057420268109,-1.0,418.06967435320456,trailing_stop,-0.8760542212419123,114.82702100685682
2026-03-09,PPO,910.8900146484376,903.7261,-1.0,408.76072903581644,take_profit,3.214797535766089,118.04181854262292
2026-03-12,PPO,896.9400024414062,906.8869597530507,-1.0,319.3230624038035,stop_loss,-3.541254556278663,114.50056398634426
2026-03-17,PPO,909.4199829101562,912.489990234375,-1.0,300.6627575523273,cierre_periodo,-1.0149731533847768,113.48559083295949
2026-03-20,PPO,912.489990234375,917.7696425928514,1.0,322.8829542453967,trailing_stop,1.7067540857192216,115.19234491867871
2026-03-25,PPO,917.3599853515624,927.2713107480329,-1.0,299.3835957277769,trailing_stop,-3.384287030929572,111.80805788774914
2026-03-30,PPO,922.719970703125,912.4600219726562,-1.0,306.78138278721093,cierre_periodo,3.4111771271847604,115.2192350149339
2026-04-02,PPO,912.4600219726562,915.969970703125,-1.0,318.1723336526583,cierre_periodo,-1.2239095978803265,113.99532541705358
2026-04-07,PPO,915.969970703125,891.6199951171875,-1.0,345.95809527295324,cierre_periodo,9.196885752910973,123.19221116996455
2026-04-10,PPO,891.6199951171875,886.22998046875,-1.0,348.0140613435809,cierre_periodo,2.1038120486043916,125.29602321856895
2026-04-15,PPO,886.22998046875,890.3200073242188,-1.0,378.77691561706087,cierre_periodo,-1.7480877325837965,123.54793548598515
2026-04-20,PPO,890.3200073242188,889.7505,-1.0,411.40423297879187,take_profit,0.2631612476059993,123.81109673359114
2026-04-23,PPO,889.72998046875,893.5399780273438,-1.0,408.6427181402944,cierre_periodo,-1.7498879352490466,122.0612087983421
2026-04-28,PPO,893.5399780273438,898.5357615721043,-1.0,440.0267367492043,trailing_stop,-2.4601902374412794,119.60101856090081
2026-05-01,PPO,900.469970703125,906.927590395894,-1.0,420.25379212106617,trailing_stop,-3.0138030720144378,116.58721548888637
2026-05-06,PPO,904.8200073242188,892.1799926757812,-1.0,400.84269611606413,cierre_periodo,5.599630323836028,122.1868458127224
2026-05-11,PPO,892.1799926757812,899.6834602496702,-1.0,435.84912493639587,stop_loss,-3.6656053743816677,118.52124043834073
2026-05-14,PPO,886.6199951171875,897.2160246245281,-1.0,297.51701298847763,stop_loss,-3.555637213150239,114.96560322519049
2026-05-19,PPO,900.5,898.3400268554688,1.0,314.0620326991974,cierre_periodo,-0.910352011737896,114.05525121345259
2026-05-22,PPO,898.3400268554688,893.8300170898438,-1.0,336.897477365076,cierre_periodo,1.5229051668641571,115.57815638031676
2026-05-27,PPO,893.8300170898438,889.5999755859375,-1.0,377.66570549624015,cierre_periodo,1.7872991265749278,117.36545550689168
2026-06-01,PPO,889.5999755859375,894.9600219726562,-1.0,423.2668356104588,cierre_periodo,-2.5502809522194667,114.81517455467221
2026-06-04,PPO,894.9600219726562,901.8440966587902,-1.0,447.7943477975942,stop_loss,-3.444455236640153,111.37071931803206
2026-06-09,PPO,922.9199829101562,906.02001953125,-1.0,367.44958834772336,cierre_periodo,6.728518941685128,118.09923825971718
2026-06-12,PPO,906.02001953125,885.260009765625,-1.0,401.3666528042871,cierre_periodo,9.196679380356477,127.29591764007365
2026-06-17,PPO,885.260009765625,901.2100219726562,1.0,437.0727730127735,cierre_periodo,7.656343296311784,134.95226093638544
2026-06-22,PPO,901.2100219726562,918.219970703125,1.0,458.92737913352477,cierre_periodo,8.66205545848502,143.61431639487046
2026-06-25,PPO,918.219970703125,921.760009765625,-1.0,511.4998530000579,cierre_periodo,-2.227749575665414,141.38656681920503
2026-06-30,PPO,921.760009765625,924.739990234375,-1.0,556.5609439366351,cierre_periodo,-1.7993194812410573,139.58724733796396
2026-07-03,PPO,924.739990234375,927.2300538430256,-1.0,603.4600080923086,trailing_stop,-1.6249473595770783,137.96229997838688
2026-07-08,PPO,926.489990234375,932.6412043403928,-1.0,623.3924933679615,stop_loss,-4.138868999351622,133.82343097903527
2026-07-13,PPO,926.8699951171876,926.34106,-1.0,594.7051193271972,take_profit,0.33937922647248,134.16281020550775
2026-07-16,PPO,924.47998046875,930.0214211221307,-1.0,631.3450284985552,trailing_stop,-3.7843556173685817,130.37845458813916
2026-07-21,PPO,933.780029296875,939.741192910069,-1.0,612.6897618220136,stop_loss,-3.9113536376442513,126.46710095049491
2026-07-24,PPO,941.8900146484376,934.3800048828124,-1.0,628.9469244357605,cierre_periodo,5.014807961771981,131.4819089122669
2026-07-29,PPO,934.3800048828124,929.2466695424788,1.0,651.1592344384059,trailing_stop,-3.902945028357742,127.57896388390915
2026-08-03,PPO,922.9500122070312,913.52001953125,-1.0,616.9173636887299,cierre_periodo,5.994727995877943,133.5736918797871
2026-08-06,PPO,913.52001953125,914.989990234375,-1.0,629.8899439441237,cierre_periodo,-1.0135735878738847,132.56011829191323
2026-08-11,PPO,914.989990234375,914.5369,-1.0,675.6504611497425,take_profit,0.33457265004564113,132.89469094195886
2026-08-14,PPO,914.0,917.9952008843151,-1.0,743.6601892143273,trailing_stop,-3.250625651618152,129.6440652903407
2026-08-19,PPO,922.9400024414062,921.1300048828124,-1.0,713.9585604850533,cierre_periodo,1.400159542328621,131.04422483266933
2026-08-24,PPO,921.1300048828124,916.7552038579527,-1.0,785.5331289663425,trailing_stop,3.7307992568328308,134.77502408950215
2026-08-27,PPO,919.219970703125,924.3025005361718,-1.0,731.2572543472744,stop_loss,-4.043250722685025,130.73177336681712
2026-09-01,PPO,934.030029296875,932.6400146484376,-1.0,687.5981284102974,cierre_periodo,1.0232770261657818,131.7550503929829
2026-09-04,PPO,932.6400146484376,924.4299926757812,-1.0,728.3818208658306,cierre_periodo,6.411938861583284,138.16698925456618
