ds,y,nhits_h1,nhits_h2,nhits_h3,nhits_h4,nhits_h5,vol_garch,macd,rsi,precio_min_ventana,precio_max_ventana,dias_desde_refit,copper_ret_1d,copper_mom_5d,y_next,ds_salida,ds_reloj,retorno_1d,nhits_h1_rel,nhits_h2_rel,macd_rel,rsi_norm,posicion_en_rango,stop_loss_largo,precio_salida_largo,razon_cierre_largo,dias_hasta_salida_largo,fecha_salida_largo,stop_loss_corto,precio_salida_corto,razon_cierre_corto,dias_hasta_salida_corto,fecha_salida_corto,pos_ppo,ventana,umbral_simple_train,signo_cobre_train,exp,par,N,h,seed,spread
2025-06-19,942.760009765625,927.4731,926.2268,930.8969,929.06866,931.60254,0.0100107803215849,1.2248149096221628,51.99635077782349,913.9111328125,1000.8300170898438,4,0.0092271403652984,0.0091646887840573,940.5800170898438,2025-06-20,2025-06-18,-0.002394358251768512,-0.016215059619918922,-0.01753702914248051,0.0012991799577144326,0.5199635077782349,0.3319057439931352,933.3222464118861,938.4008959427682,trailing_stop,4,2025-06-25,952.197773119364,936.9299926757812,cierre_periodo,5,2025-06-26,1.0,1,0.012040467483262773,-1.0,multidia,clp_h5,5,2,42,0.0015
2025-06-26,936.9299926757812,939.7993,931.65247,934.5805,938.1007,938.1161,0.0093632181227002,0.9653318049528326,53.69865072236071,913.9111328125,1000.8300170898438,4,0.0094070229135028,0.0140351536768969,930.75,2025-06-27,2025-06-25,0.0015915556783957833,0.0030624564766299164,-0.005632782296475709,0.001030313697393696,0.5369865072236071,0.264831515667319,928.1573127886579,928.1573127886579,stop_loss,2,2025-06-30,945.7026725629045,931.65247,take_profit,1,2025-06-27,1.0,1,0.012040467483262773,-1.0,multidia,clp_h5,5,2,42,0.0015
2025-07-03,925.760009765625,929.28766,922.6541,933.21454,932.81274,930.3591,0.0092289911320696,-0.938822057337212,48.24840552086324,913.9111328125,1000.8300170898438,4,0.0198104563833506,0.0480358347047375,927.2899780273438,2025-07-04,2025-07-02,-0.0025567821063194863,0.003810545062610834,-0.0033549837245738807,-0.001014109539658009,0.48248405520863236,0.13632108892835298,917.2161788450734,948.9400024414062,cierre_periodo,5,2025-07-10,934.3038406861766,934.3038406861766,stop_loss,3,2025-07-08,1.0,1,0.012040467483262773,-1.0,multidia,clp_h5,5,2,42,0.0015
2025-07-10,948.9400024414062,932.7169,915.8985,922.77893,924.3786,926.77454,0.0084614086200716,1.8574836845011669,55.10805339793512,913.9111328125,968.9500122070312,4,-0.0363479501751166,0.0571955456428253,949.5599975585938,2025-07-11,2025-07-09,0.006035440110820269,-0.01709602545963696,-0.034819379893774094,0.001957430058509795,0.5510805339793512,0.6364386414521872,940.9106333248178,941.5253824099763,trailing_stop,2,2025-07-14,956.9693715579947,945.7402670279536,trailing_stop,3,2025-07-15,1.0,1,0.012040467483262773,-1.0,multidia,clp_h5,5,2,42,0.0015
2025-07-17,967.4299926757812,954.22943,942.5471,950.7356,948.9182,948.40955,0.0110138010346851,4.120564243833078,69.0010313639614,913.9111328125,967.97998046875,4,-0.0089654190685415,0.0097363778614061,964.4500122070312,2025-07-18,2025-07-16,0.0006100139408149794,-0.01364497976672223,-0.025720613237303628,0.004259289328456885,0.6900103136396141,0.9898280097170672,956.7749112214633,956.7749112214633,stop_loss,3,2025-07-22,978.0850741300992,948.0599975585938,cierre_periodo,5,2025-07-24,1.0,1,0.012040467483262773,-1.0,multidia,clp_h5,5,2,42,0.0015
2025-07-24,948.0599975585938,968.6223,956.6304,974.0748,976.177,977.43396,0.0096864064623589,0.2300175033111049,62.17473435655254,913.9111328125,967.97998046875,4,0.0170557647717516,0.0543072974086223,949.75,2025-07-25,2025-07-23,-0.002286251184457641,0.021688819794482908,0.009039936779820283,0.00024261914214652742,0.6217473435655254,0.6315811456386082,938.8767030715383,940.5503354623747,trailing_stop,2,2025-07-28,957.2432920456494,945.9778071725696,trailing_stop,3,2025-07-29,1.0,1,0.012040467483262773,-1.0,multidia,clp_h5,5,2,42,0.0015
2025-07-31,981.4299926757812,958.22876,963.05927,966.70807,969.9684,963.7141,0.0119372296122248,1.3853436188276715,63.05136582956575,913.9111328125,981.4299926757812,4,-0.0059962980094913,-0.0388265576652868,972.2000122070312,2025-08-01,2025-07-30,0.02182744125418941,-0.023640231956357064,-0.018718322053410192,0.0014115562283262364,0.6305136582956575,1.0,969.7144375048864,969.7144375048864,stop_loss,2,2025-08-04,993.1455478466762,963.05927,take_profit,2,2025-08-04,1.0,1,0.012040467483262773,-1.0,multidia,clp_h5,5,2,42,0.0015
2025-08-07,974.3499755859376,980.4688,975.94946,987.5638,985.71594,984.52545,0.0132191914770074,0.9449351165864311,53.602396489484086,913.9111328125,981.4299926757812,4,0.0061679125353316,-0.2116697201650832,969.8300170898438,2025-08-08,2025-08-06,0.008244494786100927,0.006279904107743977,0.0016415912702215248,0.000969810786948686,0.5360239648948408,0.8951401563329129,961.4698566930496,961.4698566930496,stop_loss,4,2025-08-13,987.2300944788257,952.6199951171876,cierre_periodo,5,2025-08-14,1.0,1,0.012040467483262773,-1.0,multidia,clp_h5,5,2,42,0.0015
2025-08-14,952.6199951171876,961.6979,958.113,964.61523,957.93396,960.8422,0.0116588077329656,-1.504420857316533,51.00435214993134,913.9111328125,981.4299926757812,4,-0.0058951786648026,0.0207242278245734,965.510009765625,2025-08-15,2025-08-13,-0.003907851116358054,0.009529408294327963,0.005766207838348716,-0.001579245517654146,0.5100435214993134,0.5733044423894166,941.5135817515377,958.113,take_profit,1,2025-08-15,963.7264084828375,963.7264084828375,stop_loss,1,2025-08-15,1.0,1,0.012040467483262773,-1.0,multidia,clp_h5,5,2,42,0.0015
2025-08-21,965.77001953125,965.5494,960.2635,960.6089,962.7379,959.6863,0.0102652713579819,-0.8432516934379484,46.59944467290769,913.9111328125,981.4299926757812,4,0.0038483801407969,-0.0124943680125454,970.4299926757812,2025-08-22,2025-08-20,0.002830805865224568,-0.00022843899353708385,-0.005701688207222093,-0.0008731392323062921,0.46599444672907686,0.7680652016897044,955.8561282113582,960.4682654670399,trailing_stop,2,2025-08-25,975.6839108511417,960.2635,take_profit,2,2025-08-25,1.0,1,0.012040467483262773,-1.0,multidia,clp_h5,5,2,42,0.0015
2025-08-28,968.1699829101562,966.4863,962.32495,969.24164,964.4405,972.1715,0.0091883055452322,-0.4914957749849371,48.65081790258188,913.9111328125,981.4299926757812,4,-0.0081218210527722,-0.0025982560861105,967.8200073242188,2025-08-29,2025-08-27,0.0021920939688642336,-0.0017390364707397287,-0.006037196993638575,-0.0005076544239758223,0.4865081790258188,0.8036102832234555,959.2741412874554,967.9099731445312,cierre_periodo,5,2025-09-04,977.065824532857,967.9099731445312,cierre_periodo,5,2025-09-04,1.0,1,0.012040467483262773,-1.0,multidia,clp_h5,5,2,42,0.0015
2025-09-04,967.9099731445312,969.06464,977.1915,974.018,968.9941,968.3408,0.0080263064251563,-0.069172369870873,52.71366085070966,913.9111328125,981.4299926757812,4,-0.0024102020135148,0.032619678073096,971.739990234375,2025-09-05,2025-09-03,-0.005388891778737523,0.0011929486083478815,0.009589246017700474,-7.146570630546025e-05,0.5271366085070965,0.7997593626636076,960.1412311081084,963.9405073071755,trailing_stop,5,2025-09-11,975.678715180954,961.3900146484376,cierre_periodo,5,2025-09-11,1.0,1,0.012040467483262773,-1.0,multidia,clp_h5,5,2,42,0.0015
2025-09-11,961.3900146484376,967.32587,971.5873,968.6354,968.2182,971.5953,0.0071917340087035,-0.8425886821431847,41.78480106939426,919.1043090820312,981.4299926757812,4,0.0108276966747339,-0.0018645656890414,952.3400268554688,2025-09-12,2025-09-10,-0.005476988752608318,0.006174242774648567,0.01060681429616405,-0.0008764275364887201,0.4178480106939426,0.6784635663530333,954.4759533844624,954.4759533844624,stop_loss,1,2025-09-12,968.3040759124128,946.5515868562902,trailing_stop,3,2025-09-16,1.0,2,0.011754227329548103,-1.0,multidia,clp_h5,5,2,42,0.0015
2025-09-18,951.6400146484376,957.193,955.79285,956.42615,956.2584,960.73,0.007988836611279,-2.567529941547688,39.37961874588864,919.1043090820312,981.4299926757812,4,-0.0134725631556488,0.0046153643004296,955.0599975585938,2025-09-19,2025-09-17,0.004613210378986846,0.005835174294991996,0.004363872144548906,-0.002698005445363923,0.39379618745888645,0.5220272557053676,944.037518058656,948.1543280581853,trailing_stop,4,2025-09-24,959.2425112382192,952.010009765625,cierre_periodo,5,2025-09-25,1.0,2,0.011754227329548103,-1.0,multidia,clp_h5,5,2,42,0.0015
2025-09-25,952.010009765625,964.5515,964.7896,966.3045,964.27026,962.816,0.0071826406231079,-0.9270552176146504,36.68406665381436,927.2899780273438,981.4299926757812,4,0.0359897946923935,0.0397068374754148,959.1300048828124,2025-09-26,2025-09-24,0.004126086412236591,0.01317369576551261,0.013423798177837598,-0.0009737872586475029,0.3668406665381436,0.45659447820254107,945.172063995877,964.7896,take_profit,3,2025-09-30,958.847955535373,958.847955535373,stop_loss,1,2025-09-26,1.0,2,0.011754227329548103,-1.0,multidia,clp_h5,5,2,42,0.0015
2025-10-02,959.5499877929688,957.76263,956.3563,954.20154,953.91705,952.5438,0.0065427638635636,0.9759368424864084,55.43375063478397,936.902587890625,981.4299926757812,4,0.0052930013391957,0.0164124287691581,961.469970703125,2025-10-03,2025-10-01,-0.0017805222032345658,-0.0018627042006220558,-0.0033283183092049427,0.0010170776456692272,0.5543375063478397,0.5086171092076207,953.271878807554,955.1792997229071,trailing_stop,2,2025-10-06,965.8280967783835,956.3563,take_profit,2,2025-10-06,1.0,2,0.011754227329548103,-1.0,multidia,clp_h5,5,2,42,0.0015
2025-10-09,950.469970703125,953.12274,949.4879,949.4671,950.5825,952.711,0.0080039950654555,-0.0474409889236004,46.81326206399155,936.902587890625,981.4299926757812,4,-0.0003962463037207,0.0446123325356926,950.4600219726562,2025-10-10,2025-10-08,-0.009049187576854082,0.002791008005137284,-0.0010332474811366528,-4.9913190722380415e-05,0.4681326206399155,0.3046973628479433,942.8624137477536,959.1199951171876,cierre_periodo,5,2025-10-16,958.0775276584965,949.4879,take_profit,2,2025-10-13,1.0,2,0.011754227329548103,-1.0,multidia,clp_h5,5,2,42,0.0015
2025-10-16,959.1199951171876,948.2666,945.0904,950.5605,950.1378,952.0503,0.0073361018850017,0.4496283329090742,49.99298029345814,936.902587890625,981.4299926757812,4,-0.0017081338268076,-0.0146650578058743,954.969970703125,2025-10-17,2025-10-15,-0.0018020916611495943,-0.01131599296484428,-0.014627570260875855,0.00046879257569240596,0.4999298029345814,0.49896029947761644,952.0837931130657,953.6025979591315,trailing_stop,3,2025-10-21,966.1561971213097,949.75,cierre_periodo,5,2025-10-23,1.0,2,0.011754227329548103,-1.0,multidia,clp_h5,5,2,42,0.0015
2025-10-23,949.75,954.3151,952.0335,953.05725,953.53217,953.66565,0.0069850306899156,-0.4080533012879903,42.64816238517778,939.7928466796876,974.3499755859376,4,0.0062683731636311,-0.0022124207828875,946.9400024414062,2025-10-24,2025-10-22,-0.0012627056966049096,0.0048066333245591255,0.002404316925506716,-0.0004296428547386052,0.4264816238517778,0.2881360123210796,943.1159671022526,943.1159671022526,stop_loss,2,2025-10-27,956.3840328977473,937.456598686862,trailing_stop,3,2025-10-28,1.0,2,0.011754227329548103,-1.0,multidia,clp_h5,5,2,42,0.0015
2025-10-30,940.510009765625,948.5615,942.7875,948.64124,947.2067,951.4478,0.0076591835556507,-1.5116647577658535,43.09432613117736,930.953857421875,973.1400146484376,4,0.0179299066835026,0.0549284499159023,942.02001953125,2025-10-31,2025-10-29,-0.0016891084300092924,0.008560770380722959,0.002421548107651266,-0.0016072819449763859,0.43094326131177363,0.2265234136503181,933.3064709649033,934.8049152885626,trailing_stop,2,2025-11-03,947.7135485663468,935.9038124563398,trailing_stop,3,2025-11-04,1.0,2,0.011754227329548103,-1.0,multidia,clp_h5,5,2,42,0.0015
2025-11-06,943.4199829101562,948.13135,946.7576,950.90845,951.8372,949.5007,0.0080939129623803,-0.1039849013214269,43.143157578924274,928.7900390625,973.1400146484376,4,0.0074830367750562,-0.0516862869797078,942.0,2025-11-07,2025-11-05,-0.003143209303989009,0.004993923358831822,0.0035377850271395223,-0.00011022121982265621,0.43143157578924274,0.3298749019445927,935.7840236815111,935.7840236815111,stop_loss,2,2025-11-10,951.0559421388014,929.52001953125,cierre_periodo,5,2025-11-13,1.0,2,0.011754227329548103,-1.0,multidia,clp_h5,5,2,42,0.0015
2025-11-13,929.52001953125,944.5523,943.2774,940.41425,942.9271,942.4633,0.0079848638788438,-0.5887935000709756,40.61634283001391,928.7900390625,973.1400146484376,4,0.0080884026144595,0.0254886428107165,929.3800048828124,2025-11-14,2025-11-12,-0.006551759512937208,0.016172088984517635,0.014800520892156457,-0.0006334382129476886,0.40616342830013913,0.016459546123886944,922.0979287026328,922.0979287026328,stop_loss,2,2025-11-17,936.9421103598672,925.5894224358743,trailing_stop,4,2025-11-19,1.0,2,0.011754227329548103,-1.0,multidia,clp_h5,5,2,42,0.0015
2025-11-20,931.9500122070312,928.0728,920.40326,928.46075,924.05804,922.93866,0.0078200035466468,-0.2350976038911678,44.24861066858721,918.2572631835938,973.1400146484376,4,0.0091269480004112,-0.0160133714903001,930.1500244140624,2025-11-21,2025-11-19,5.36392864217529e-05,-0.004160322073336595,-0.012389883637306195,-0.0002522641781337744,0.4424861066858721,0.24949093582176976,924.6621598062748,933.2842063977689,trailing_stop,5,2025-11-27,939.2378646077876,937.4238009038938,trailing_stop,2,2025-11-24,1.0,2,0.011754227329548103,-1.0,multidia,clp_h5,5,2,42,0.0015
2025-11-27,925.7000122070312,934.7686,928.6425,931.0037,932.0818,927.60657,0.0076494368959176,0.7877609958704443,39.7554117452999,918.2572631835938,971.739990234375,4,0.0207846007616192,0.019269153729237,926.8800048828124,2025-11-28,2025-11-26,-0.00995354986609698,0.009796465024719658,0.0031786623681179216,0.0008509895057603855,0.397554117452999,0.1391617337756673,918.6189283791034,928.6425,take_profit,3,2025-12-02,932.7810960349592,918.4500122070312,cierre_periodo,5,2025-12-04,1.0,2,0.011754227329548103,-1.0,multidia,clp_h5,5,2,42,0.0015
2025-12-04,918.4500122070312,924.69714,927.218,930.8284,927.83716,933.07983,0.0068597959283579,-0.4241318327010361,41.781394652952365,918.2572631835938,964.9400024414062,4,0.0280848174419795,0.0398668386998417,917.22998046875,2025-12-05,2025-12-03,-0.0054400291307762265,0.006801815787401342,0.009546505173318334,-0.0004617908727355223,0.41781394652952364,0.004128914166176375,912.1496325528932,923.3300170898438,cierre_periodo,5,2025-12-11,924.7503918611693,923.5219909541373,trailing_stop,4,2025-12-10,1.0,3,0.011160931948227464,-1.0,multidia,clp_h5,5,2,42,0.0015
2025-12-11,923.3300170898438,924.4977,917.281,921.9115,926.46295,926.52856,0.0060186622497811,0.2087313914785573,43.42966075483741,917.22998046875,964.9400024414062,4,0.0066565190818472,-0.0061228836645815,913.75,2025-12-12,2025-12-10,-0.0025418757484468,0.0012646430729465158,-0.006551305576427726,0.00022606369078787014,0.43429660754837407,0.12785650412380498,917.7728055718953,917.7728055718953,stop_loss,1,2025-12-12,928.8872286077922,917.281,take_profit,1,2025-12-12,1.0,3,0.011160931948227464,-1.0,multidia,clp_h5,5,2,42,0.0015
2026-01-08,894.8400268554688,903.21106,905.93365,906.70624,907.31726,904.86865,0.0069393616217804,-0.6601656259761768,35.24280401348153,893.4299926757812,960.8499755859376,4,-0.0340994905089602,0.0142296034829468,896.489990234375,2026-01-09,2026-01-07,0.0015769816151941347,0.009354781741209798,0.012397325568364405,-0.0007377470901654295,0.3524280401348153,0.020914187735207628,888.6304083154749,890.2689220018323,trailing_stop,3,2026-01-13,901.0496453954624,881.3400268554688,cierre_periodo,5,2026-01-15,1.0,3,0.011160931948227464,-1.0,multidia,clp_h5,5,2,42,0.0015
2026-01-15,881.3400268554688,895.06836,895.474,896.23914,896.93445,895.66614,0.0068328036285685,-1.4147132841956154,31.309366569244546,881.3400268554688,950.9500122070312,4,0.0065114238888483,0.0344293008675825,882.510009765625,2026-01-16,2026-01-14,-0.004765400075395384,0.015576659094348098,0.016036912784909894,-0.0016051844249524987,0.31309366569244546,0.0,875.318003521968,881.227299845886,trailing_stop,5,2026-01-22,887.3620501889695,874.3499755859375,cierre_periodo,5,2026-01-22,1.0,3,0.011160931948227464,-1.0,multidia,clp_h5,5,2,42,0.0015
2026-01-22,874.3499755859375,886.8274,893.6355,893.1663,896.306,895.1825,0.0067353174893578,-0.6294569840068043,28.89327644453138,874.3499755859375,946.3900146484376,4,-0.0075636001842843,-0.0465135656168101,871.25,2026-01-23,2026-01-21,-0.011666128118413301,0.014270514968220686,0.02205698513474363,-0.0007199142238037801,0.2889327644453138,0.0,868.4609509035539,868.4609509035539,stop_loss,3,2026-01-27,880.2390002683211,862.4400024414062,cierre_periodo,5,2026-01-29,1.0,3,0.011160931948227464,-1.0,multidia,clp_h5,5,2,42,0.0015
2026-01-29,862.4400024414062,871.07104,873.6439,872.5656,868.4661,869.44275,0.0062411844080833,-1.6392137322114824,19.095982353065,859.75,946.3900146484376,4,0.0109207008452449,0.0284492734131671,859.1599731445312,2026-01-30,2026-01-28,0.00312393478678889,0.010007696227170513,0.012990929834977093,-0.0019006698756680756,0.19095982353065,0.031048037703151045,857.0573553452616,860.5255639070015,trailing_stop,4,2026-02-04,867.8226495375508,864.5221489729701,trailing_stop,2,2026-02-02,1.0,3,0.011160931948227464,-1.0,multidia,clp_h5,5,2,42,0.0015
2026-02-05,858.2100219726562,861.1979,862.7042,864.40436,868.30835,870.5977,0.0059463881349963,-0.2148748380185026,26.97991435645337,858.2100219726562,940.6400146484376,4,-0.0397915610591698,-0.0112854834016159,866.2100219726562,2026-02-06,2026-02-04,-0.002130023857487039,0.0034815231130439447,0.0052366878879060155,-0.00025037558699745504,0.2697991435645337,0.0,853.1067720806632,862.7042,take_profit,1,2026-02-06,863.3132718646494,863.3132718646494,stop_loss,1,2026-02-06,1.0,3,0.011160931948227464,-1.0,multidia,clp_h5,5,2,42,0.0015
2026-02-12,854.1400146484375,878.951,874.0761,873.8622,873.2605,874.19073,0.0062708223630097,0.3175437977891029,35.15015648142459,852.3699951171875,940.6400146484376,4,0.0089489789684389,0.0211121976675739,856.6099853515625,2026-02-13,2026-02-11,-0.001193422599233375,0.029047913604392694,0.023340535520711032,0.00037177019264201475,0.3515015648142459,0.020052329665831356,848.7838543434386,861.5900268554688,cierre_periodo,5,2026-02-19,859.4961749534364,859.4961749534364,stop_loss,2,2026-02-16,1.0,3,0.011160931948227464,-1.0,multidia,clp_h5,5,2,42,0.0015
2026-02-19,861.5900268554688,859.7884,866.4232,864.6279,863.40704,863.7527,0.0058403867341838,2.0985457372406984,52.1693077873649,852.3699951171875,934.9600219726562,4,0.0280944486087246,-0.0261388364836461,865.02001953125,2026-02-20,2026-02-18,-0.004781946174625219,-0.002091048873957019,0.005609597365200194,0.0024356662354829326,0.521693077873649,0.11163613924494976,856.5580078923169,861.3399132049781,trailing_stop,3,2026-02-25,866.6220458186206,861.5324959174105,trailing_stop,5,2026-02-27,1.0,3,0.011160931948227464,-1.0,multidia,clp_h5,5,2,42,0.0015
2026-02-27,865.1699829101562,868.32086,866.2294,866.2606,866.39905,865.3443,0.0059819250104034,1.725423827675927,54.68442139036666,852.3699951171875,925.6799926757812,5,-0.0054500265899209,0.0264952242208751,873.1599731445312,2026-03-02,2026-02-26,0.010036622036167116,0.003641916793327991,0.0012245190087157942,0.001994317719937706,0.5468442139036666,0.17460084871423207,859.9946009511357,866.2294,take_profit,1,2026-03-02,870.3453648691768,870.3453648691768,stop_loss,1,2026-03-02,1.0,3,0.011160931948227464,-1.0,multidia,clp_h5,5,2,42,0.0015
2026-03-06,905.6699829101562,861.5682,860.34485,862.3846,863.9153,863.3988,0.0085915938041776,5.848966293584757,76.22109404878236,852.3699951171875,923.3300170898438,5,-0.0175745802217061,-0.0326215307330647,910.8900146484376,2026-03-09,2026-03-05,0.012544236160942199,-0.04869520216232137,-0.050045970127567556,0.00645816511969458,0.7622109404878237,0.7511269911036299,897.8888342963558,906.9602454173543,trailing_stop,3,2026-03-11,913.4511315239567,913.4511315239567,stop_loss,2,2026-03-10,1.0,3,0.011160931948227464,-1.0,multidia,clp_h5,5,2,42,0.0015
2026-03-13,915.7000122070312,913.3347,914.7525,915.0708,916.5276,910.13904,0.0120795993688068,4.061935970564916,68.62064084635945,852.3699951171875,917.4199829101562,5,-0.0035989598931909,0.0124283511321878,916.7100219726562,2026-03-16,2026-03-12,0.020699840533099718,-0.002583064514032656,-0.001034740847876031,0.004435880655690709,0.6862064084635945,0.9735592463353097,904.6387229175589,912.489990234375,cierre_periodo,5,2026-03-20,926.7613014965036,914.7525,take_profit,2,2026-03-17,1.0,3,0.011160931948227464,-1.0,multidia,clp_h5,5,2,42,0.0015
2026-03-20,912.489990234375,912.5561,911.9229,912.57324,905.98285,907.77905,0.0105442782910158,1.7824237537635117,65.41747675952651,852.3699951171875,916.7100219726562,5,-0.0220268873083426,-0.0672160684254967,927.5499877929688,2026-03-23,2026-03-19,-0.002889021231676366,7.244985296554812e-05,-0.0006214755673421851,0.001953362527632432,0.654174767595265,0.9344104759582866,902.8684418395775,917.7696425928514,trailing_stop,2,2026-03-24,922.1115386291726,922.1115386291726,stop_loss,1,2026-03-23,1.0,4,0.01098402707158808,-1.0,multidia,clp_h5,5,2,42,0.0015
2026-03-27,928.0399780273438,899.67596,901.4715,894.68854,894.6535,896.84906,0.0112204117755916,0.84296456042477,56.62825845832159,852.3699951171875,928.0399780273438,5,-0.0150337638464528,0.0024847665319124,922.719970703125,2026-03-30,2026-03-26,0.01230545275185353,-0.03056335793597461,-0.028628592147310433,0.0009083278526606026,0.5662825845832159,1.0,917.6269873296659,919.7825195899571,trailing_stop,4,2026-04-02,938.4529687250216,916.5,cierre_periodo,5,2026-04-03,1.0,4,0.01098402707158808,-1.0,multidia,clp_h5,5,2,42,0.0015
2026-04-03,916.5,926.1092,924.72504,927.83734,931.97705,929.47754,0.010537324560852,-1.244823452274041,49.90084882168291,852.3699951171875,930.219970703125,5,-0.0109055999591873,0.0213899534395399,919.3699951171876,2026-04-06,2026-04-02,0.004417794319681588,0.010484669939989075,0.008974402618657977,-0.001358236172693989,0.4990084882168291,0.8237639690974634,906.8425420399792,909.6822950871289,trailing_stop,4,2026-04-09,926.1574579600208,891.6199951171875,cierre_periodo,5,2026-04-10,1.0,4,0.01098402707158808,-1.0,multidia,clp_h5,5,2,42,0.0015
2026-04-10,891.6199951171875,932.1662,929.7198,924.52246,926.34955,923.2701,0.0106195891074937,-4.396851220045333,32.35091834574844,852.3699951171875,930.219970703125,5,-0.00199867658502,0.0332554262189454,894.4400024414062,2026-04-13,2026-04-09,-0.006272190311866081,0.04547475954426463,0.04273098976184908,-0.004931306211305238,0.3235091834574844,0.504174853037333,882.1513571290174,885.3866503964721,trailing_stop,4,2026-04-16,901.0886331053575,886.1199951171875,cierre_periodo,5,2026-04-17,1.0,4,0.01098402707158808,-1.0,multidia,clp_h5,5,2,42,0.0015
2026-04-17,886.1199951171875,889.35425,892.088,890.1316,897.16473,901.0648,0.0092491880371033,-4.871100384114239,25.6907801924456,852.3699951171875,930.219970703125,5,-0.0009061811693833,0.0554105834950304,890.3200073242188,2026-04-20,2026-04-16,0.0013212160733482817,0.003649906221092275,0.00673498500846176,-0.0054971114645370875,0.256907801924456,0.4335261475161781,877.9241046589116,882.0852701632818,trailing_stop,2,2026-04-21,894.3158855754634,889.3705399142088,trailing_stop,3,2026-04-22,1.0,4,0.01098402707158808,-1.0,multidia,clp_h5,5,2,42,0.0015
2026-04-24,894.469970703125,886.07153,881.70636,879.8341,875.846,883.90283,0.0088808163357261,-1.6821035162808653,33.193873431488015,852.3699951171875,930.219970703125,5,-0.0072977855745626,0.0014835282694509,896.1099853515625,2026-04-27,2026-04-23,0.0053133073819124675,-0.009389293076572599,-0.014269468088561724,-0.0018805589582382484,0.33193873431488014,0.5407834141124929,886.5263471754882,900.469970703125,cierre_periodo,5,2026-05-01,902.4135942307618,899.0338681269164,trailing_stop,4,2026-04-30,1.0,4,0.01098402707158808,-1.0,multidia,clp_h5,5,2,42,0.0015
2026-05-01,900.469970703125,885.79767,885.3911,879.8086,880.22656,884.5679,0.0085377708044414,0.9432883207234264,54.53312422398437,852.3699951171875,930.219970703125,5,0.0080478443767945,-0.0246070106010816,899.25,2026-05-04,2026-04-30,-0.004432287697365498,-0.016294047753383945,-0.016745556424664257,0.0010475511137665891,0.5453312422398437,0.6178547292264801,892.7819644769796,903.9359145554297,trailing_stop,4,2026-05-07,908.1579769292704,906.927590395894,trailing_stop,2,2026-05-05,1.0,4,0.01098402707158808,-1.0,multidia,clp_h5,5,2,42,0.0015
2026-05-08,890.469970703125,900.4327,903.0143,906.20624,903.5852,907.3395,0.0086999649952297,0.4548467918805254,50.08750342784084,856.530029296875,930.219970703125,5,-0.0014676820261337,0.0340026889881597,892.1799926757812,2026-05-11,2026-05-07,-0.0063249468069212144,0.01118816987057775,0.014087313115084505,0.0005107940827261961,0.5008750342784084,0.4605776685197824,882.7229131287046,903.0143,take_profit,3,2026-05-13,898.2170282775454,898.2170282775454,stop_loss,3,2026-05-13,1.0,4,0.01098402707158808,-1.0,multidia,clp_h5,5,2,42,0.0015
2026-05-15,894.2999877929688,899.0563,900.15106,901.3166,899.32623,895.76746,0.0117439109198541,-0.1023404884684729,49.204676198215445,856.530029296875,930.219970703125,5,-0.0103007559935629,0.0718074342083402,897.72998046875,2026-05-18,2026-05-14,0.008624801065942236,0.005318475088844914,0.006542628074356865,-0.00011443641939550694,0.49204676198215447,0.5125524294811055,883.7974084007016,900.15106,take_profit,2,2026-05-19,904.802567185236,904.802567185236,stop_loss,3,2026-05-20,1.0,4,0.01098402707158808,-1.0,multidia,clp_h5,5,2,42,0.0015
2026-05-22,898.3400268554688,892.405,897.47626,892.87976,893.08405,890.94293,0.0101563762458682,0.3674370846410434,49.58208337701523,873.1599731445312,930.219970703125,5,-0.0053397527463154,-0.0472782854279293,896.6300048828125,2026-05-25,2026-05-21,0.0006793125075199923,-0.0066066597035018305,-0.0009615143816893445,0.00040901782583061864,0.4958208337701523,0.44129083049960904,889.2161475460013,890.969970703125,cierre_periodo,5,2026-05-29,907.4639061649364,897.47626,take_profit,1,2026-05-25,1.0,4,0.01098402707158808,-1.0,multidia,clp_h5,5,2,42,0.0015
2026-05-29,890.969970703125,896.8389,898.4435,897.20715,900.3467,896.89844,0.0086055773437421,-0.6253159031463272,49.256471975463015,881.219970703125,930.219970703125,5,0.0143298384669936,0.0222151094202964,889.5999755859375,2026-06-01,2026-05-28,-0.0034286404386313922,0.006587123573023899,0.008388082138141089,-0.0007018372377386051,0.4925647197546301,0.1989795918367347,883.3026597092876,895.6300048828125,cierre_periodo,5,2026-06-05,898.6372816969624,895.6300048828125,cierre_periodo,5,2026-06-05,1.0,4,0.01098402707158808,-1.0,multidia,clp_h5,5,2,42,0.0015
2026-06-05,895.6300048828125,886.75824,888.12305,888.28436,886.016,885.9354,0.0074275900893803,-0.1624164680715536,46.9845537917882,881.219970703125,930.219970703125,5,0.0046182670707891,0.0179800265167984,914.260009765625,2026-06-08,2026-06-04,0.0007483376220956062,-0.009905613740546035,-0.008381759032062244,-0.0001813432636089551,0.46984553791788203,0.2940823301977041,888.9776323347933,916.0649115918018,trailing_stop,4,2026-06-11,902.2823774308317,902.2823774308317,stop_loss,1,2026-06-08,1.0,4,0.01098402707158808,-1.0,multidia,clp_h5,5,2,42,0.0015
2026-06-12,906.02001953125,895.5762,898.8493,898.45154,898.2,902.9006,0.0088272832908197,2.1086748415435816,57.561605215456055,881.219970703125,930.219970703125,5,0.0015989373612835,-0.0387037821878805,899.1099853515625,2026-06-15,2026-06-11,-0.010059356825148972,-0.011527139915355707,-0.00791452658514098,0.0023274042472422986,0.5756160521545606,0.5061234454719388,898.0223241516936,898.0223241516936,stop_loss,2,2026-06-16,914.0177149108063,898.8493,take_profit,2,2026-06-16,1.0,5,0.010793008155490069,-1.0,multidia,clp_h5,5,2,42,0.0015
2026-06-19,900.1799926757812,916.82587,917.271,917.4609,919.03424,917.6327,0.0091345555104058,-1.347853703008475,55.86605563823976,881.219970703125,930.219970703125,5,-0.0166463631322671,0.0184534233160654,901.2100219726562,2026-06-22,2026-06-18,0.015482856275284704,0.018491721055406883,0.018986211050320903,-0.00149731577459524,0.5586605563823975,0.3869392239317602,891.9572485633277,917.271,take_profit,4,2026-06-25,908.402736788235,908.402736788235,stop_loss,3,2026-06-24,1.0,5,0.010793008155490069,-1.0,multidia,clp_h5,5,2,42,0.0015
2026-06-26,919.8300170898438,918.1544,922.00775,920.1449,922.71454,932.54504,0.0081454300565827,2.0861181072498454,53.442953713911024,881.219970703125,922.9199829101562,5,0.0212269276095828,-0.0476900008565041,921.989990234375,2026-06-29,2026-06-25,0.0017519075206930633,-0.0018216595008989315,0.0023675384252474646,0.002267938715296443,0.5344295371391102,0.9259001219239096,912.3376060216931,922.00775,take_profit,4,2026-07-02,927.3224281579943,924.739990234375,cierre_periodo,5,2026-07-03,1.0,5,0.010793008155490069,-1.0,multidia,clp_h5,5,2,42,0.0015
2026-07-03,924.739990234375,923.63367,924.47284,929.1822,926.4874,925.7879,0.0069393453816054,2.152422405857302,73.38080146457818,881.219970703125,925.0599975585938,5,-0.0014708001647411,0.0072481919973205,920.8400268554688,2026-07-06,2026-07-02,-0.00034599127421656,-0.0011963581612757458,-0.00028889226939052525,0.002327597409637028,0.7338080146457818,0.9927005673314538,918.3229000539563,928.1740447765194,trailing_stop,5,2026-07-10,931.1570804147937,924.47284,take_profit,1,2026-07-06,1.0,5,0.010793008155490069,-1.0,multidia,clp_h5,5,2,42,0.0015
2026-07-10,926.9600219726562,927.4492,932.75134,927.5562,918.33673,916.9105,0.0069843016649718,1.1800959659582864,74.47259733630331,881.219970703125,934.6599731445312,5,0.0261639352903259,0.0164363571934134,926.8699951171876,2026-07-13,2026-07-09,-0.00827235966763777,0.000527722896077819,0.006247645950274446,0.001273081835230535,0.7447259733630331,0.8559140939352027,920.4858535478304,924.1300048828124,cierre_periodo,5,2026-07-17,933.4341903974821,924.1300048828124,cierre_periodo,5,2026-07-17,1.0,5,0.010793008155490069,-1.0,multidia,clp_h5,5,2,42,0.0015
2026-07-17,924.1300048828124,934.5102,940.5875,943.36066,949.4298,949.2316,0.0061661584037206,-0.6600847136489651,52.552503144947,885.260009765625,934.6599731445312,5,0.000397165457432,0.0130329604566588,933.97998046875,2026-07-20,2026-07-16,-0.00037863648134768676,0.01123239702459825,0.017808636263546646,-0.0007142768984464145,0.52552503144947,0.7868425897211261,918.4316728870739,940.5875,take_profit,5,2026-07-24,929.828336878551,929.828336878551,stop_loss,1,2026-07-20,1.0,5,0.010793008155490069,-1.0,multidia,clp_h5,5,2,42,0.0015
2026-07-24,941.8900146484376,914.9335,922.0022,921.5763,918.2324,916.0952,0.0060323262283515,0.5083094420486125,70.25989635162911,885.260009765625,941.8900146484376,5,-0.0228922484741691,0.0014294511624003,945.989990234375,2026-07-27,2026-07-23,0.0063371360189416635,-0.028619599134936374,-0.021114795081313996,0.0005396696367339026,0.7025989635162911,1.0,936.2082268088515,940.2834700045262,trailing_stop,2,2026-07-28,947.5718024880238,925.0499877929688,cierre_periodo,5,2026-07-31,1.0,5,0.010793008155490069,-1.0,multidia,clp_h5,5,2,42,0.0015
2026-07-31,925.0499877929688,951.2693,951.9112,951.16284,954.92035,953.9964,0.0063783403062851,-1.2556680072893132,48.322877682951294,885.260009765625,945.989990234375,5,0.0268926419822215,0.0221253203714293,922.9500122070312,2026-08-03,2026-07-30,-0.01060246233649696,0.028343670669718792,0.029037579116257383,-0.0013574055714385227,0.48322877682951293,0.6551949748743718,919.1497041705003,919.1497041705003,stop_loss,3,2026-08-05,930.9502714154372,915.3800048828124,cierre_periodo,5,2026-08-07,1.0,5,0.010793008155490069,-1.0,multidia,clp_h5,5,2,42,0.0015
2026-08-07,915.3800048828124,922.5179,923.79694,925.18726,920.50055,922.0103,0.0061743566529379,-3.449271948846257,31.84295696772097,885.260009765625,945.989990234375,5,-0.0023898847824607,0.0376289594983269,912.5,2026-08-10,2026-08-06,0.00203399416915487,0.007797739822929021,0.009195017448808166,-0.0037681311919062896,0.3184295696772097,0.4959658291457268,909.7281222596979,914.0,cierre_periodo,5,2026-08-14,921.031887505927,914.0,cierre_periodo,5,2026-08-14,1.0,5,0.010793008155490069,-1.0,multidia,clp_h5,5,2,42,0.0015
2026-08-14,914.0,917.4826,923.61456,925.00104,926.0899,924.78564,0.0053611054969486,-2.2446818402702,15.460895695495168,885.260009765625,945.989990234375,5,-0.0006823476740331,-0.0141318365290646,913.0999755859376,2026-08-17,2026-08-13,-9.849280311039126e-05,0.0038102844638950193,0.010519212253829303,-0.0024558882278667396,0.1546089569549517,0.47324221105527636,909.099949575789,922.27001953125,cierre_periodo,5,2026-08-21,918.9000504242111,917.9952008843151,trailing_stop,3,2026-08-19,1.0,5,0.010793008155490069,-1.0,multidia,clp_h5,5,2,42,0.0015
2026-08-21,922.27001953125,919.5736,919.4845,917.3923,917.35486,918.7155,0.0051492687297491,0.1760297609219456,49.05135021449139,885.260009765625,945.989990234375,5,-0.0042479541927562,-0.02009862228965,921.1300048828124,2026-08-24,2026-08-20,0.0012043272869564252,-0.0029236768778631854,-0.003020286328580575,0.00019086575210523911,0.4905135021449139,0.6094190954773869,917.5210033592926,917.5210033592926,stop_loss,2,2026-08-25,927.0190357032075,919.4845,take_profit,2,2026-08-25,1.0,5,0.010793008155490069,-1.0,multidia,clp_h5,5,2,42,0.0015
2026-08-28,922.6699829101562,914.0562,912.85535,912.0123,910.86273,912.4614,0.0054423956841773,0.3908105425244952,63.10223081943502,885.260009765625,945.989990234375,5,-0.0011379846746806,0.0196594201689716,931.510009765625,2026-08-31,2026-08-27,0.0037461697806544726,-0.009335713819352694,-0.010637208418984507,0.00042356481706693806,0.6310223081943502,0.6160050251256282,917.6484477772461,932.6400146484376,cierre_periodo,5,2026-09-04,927.6915180430665,927.6915180430665,stop_loss,1,2026-08-31,1.0,5,0.010793008155490069,-1.0,multidia,clp_h5,5,2,42,0.0015
