ds,y,nhits_h1,nhits_h2,vol_garch,macd,rsi,precio_min_ventana,precio_max_ventana,dias_desde_refit,copper_ret_1d,copper_mom_5d,y_next,ds_salida,ds_reloj,retorno_1d,nhits_h1_rel,nhits_h2_rel,macd_rel,rsi_norm,posicion_en_rango,stop_loss_largo,precio_salida_largo,razon_cierre_largo,dias_hasta_salida_largo,fecha_salida_largo,stop_loss_corto,precio_salida_corto,razon_cierre_corto,dias_hasta_salida_corto,fecha_salida_corto,pos_ppo,ventana,umbral_simple_train,signo_cobre_train,exp,par,N,h,seed,spread
2025-06-24,947.8900146484376,947.59814,946.9889,0.0093234799811012,1.865764855562976,54.8377226828786,913.9111328125,1000.8300170898438,4,0.0035163385627902,0.0034186255866485,935.4400024414062,2025-06-25,2025-06-23,0.008890658367521967,-0.00030792037465013594,-0.0009506531712667988,0.0019683347505828177,0.548377226828786,0.39092634608052074,939.0523810725772,939.0523810725772,stop_loss,1,2025-06-25,956.7276482242982,947.59814,take_profit,1,2025-06-25,-1.0,1,0.010557876145899937,-1.0,multidia,clp,3,1,42,0.0015
2025-06-27,930.75,937.66693,936.38025,0.009220909000948,0.328847055855755,49.822008571448656,913.9111328125,1000.8300170898438,2,0.0305680316592639,0.0455108363094239,919.1043090820312,2025-06-30,2025-06-26,-0.006617852367533875,0.007431565941445049,0.0060491539081386474,0.0003533140541023422,0.49822008571448656,0.19373082532640395,922.1676389473677,922.1676389473677,stop_loss,1,2025-06-30,939.3323610526325,927.5792862784559,trailing_stop,2,2025-07-01,-1.0,1,0.010557876145899937,-1.0,multidia,clp,3,1,42,0.0015
2025-07-02,928.1300048828124,934.7163,935.095,0.0095313173740035,-0.7959323762528938,47.54325248153828,913.9111328125,1000.8300170898438,5,0.0035720714555227,0.0371891826646819,925.760009765625,2025-07-03,2025-07-01,-0.0032378432004574647,0.007096306640812953,0.007504331376580219,-0.0008575656126464631,0.47543252481538284,0.16358783466366553,919.283703241939,930.0,cierre_periodo,3,2025-07-07,936.9763065236858,930.0,cierre_periodo,3,2025-07-07,-1.0,1,0.010557876145899937,-1.0,multidia,clp,3,1,42,0.0015
2025-07-07,930.0,927.9908,928.8174,0.0086409192478981,-0.580298784643241,46.21170624906817,913.9111328125,988.8900146484376,3,-0.0155211006805824,-0.009864889083736,940.9400024414062,2025-07-08,2025-07-04,0.0029182560913787884,-0.0021604301075268434,-0.0012716129032257844,-0.0006239771877884312,0.46211706249068174,0.2145786492615919,921.9639450994548,948.9400024414062,cierre_periodo,3,2025-07-10,938.0360549005452,938.0360549005452,stop_loss,1,2025-07-08,-1.0,1,0.010557876145899937,-1.0,multidia,clp,3,1,42,0.0015
2025-07-10,948.9400024414062,943.72705,937.75,0.0084614086200716,1.8574836845011669,55.10805339793512,913.9111328125,968.9500122070312,1,-0.0363479501751166,0.0571955456428253,949.5599975585938,2025-07-11,2025-07-09,0.006035440110820269,-0.005493447876572332,-0.011792107417346645,0.001957430058509795,0.5510805339793512,0.6364386414521872,940.9106333248178,941.5253824099763,trailing_stop,2,2025-07-14,956.9693715579947,943.72705,take_profit,2,2025-07-14,-1.0,1,0.010557876145899937,-1.0,multidia,clp,3,1,42,0.0015
2025-07-15,967.97998046875,946.54346,945.5314,0.0118342942155347,3.192093204300748,65.87918316482228,913.9111328125,967.97998046875,4,-0.0084860909655818,0.106429921247489,966.8400268554688,2025-07-16,2025-07-14,0.03166924510427448,-0.022145623774542586,-0.023191161926591892,0.003297685147119425,0.6587918316482227,1.0,956.5246205851353,964.4500122070312,cierre_periodo,3,2025-07-18,979.4353403523647,964.4500122070312,cierre_periodo,3,2025-07-18,-1.0,1,0.010557876145899937,-1.0,multidia,clp,3,1,42,0.0015
2025-07-18,964.4500122070312,970.8759,980.1897,0.0106627769330333,3.8484941859119246,75.80702531988527,913.9111328125,967.97998046875,2,-0.0019121251718409,-0.0111751621121755,963.3900146484376,2025-07-21,2025-07-17,-0.0030850599672219534,0.00666274841789245,0.016319858565764678,0.003990351119499802,0.7580702531988527,0.9347134548869804,954.1662968638065,954.1662968638065,stop_loss,2,2025-07-22,974.7337275502559,950.22998046875,cierre_periodo,3,2025-07-23,0.0,1,0.010557876145899937,-1.0,multidia,clp,3,1,42,0.0015
2025-07-23,950.22998046875,988.4846,973.75525,0.0100103671880494,1.1568253198004923,64.45196472549212,913.9111328125,967.97998046875,5,0.0152999082197381,0.0272268342560983,948.0599975585938,2025-07-24,2025-07-22,-0.003561224124462451,0.040258274646711244,0.024757448212321183,0.0012174161451208143,0.6445196472549212,0.6717148456196437,940.7178294511648,940.7178294511648,stop_loss,3,2025-07-28,959.7421314863352,936.902587890625,cierre_periodo,3,2025-07-28,-1.0,1,0.010557876145899937,-1.0,multidia,clp,3,1,42,0.0015
2025-07-28,936.902587890625,959.0025,965.30707,0.0097637726646977,-1.4844917450591302,47.65776094849546,913.9111328125,967.97998046875,3,-0.0023395420911621,0.0332556727635371,958.5599975585938,2025-07-29,2025-07-25,-0.013619476929942448,0.023588270963293596,0.030317433718830673,-0.0015844675468357564,0.4765776094849546,0.42522554252119965,927.7548840134939,959.0025,take_profit,2,2025-07-30,946.0502917677561,946.0502917677561,stop_loss,1,2025-07-29,-1.0,1,0.010557876145899937,-1.0,multidia,clp,3,1,42,0.0015
2025-07-31,981.4299926757812,960.90515,956.5645,0.0119372296122248,1.3853436188276715,63.05136582956575,913.9111328125,981.4299926757812,1,-0.0059962980094913,-0.0388265576652868,972.2000122070312,2025-08-01,2025-07-30,0.02182744125418941,-0.020913200970985257,-0.025335982047978534,0.0014115562283262364,0.6305136582956575,1.0,969.7144375048864,969.7144375048864,stop_loss,2,2025-08-04,993.1455478466762,960.90515,take_profit,2,2025-08-04,0.0,1,0.010557876145899937,-1.0,multidia,clp,3,1,42,0.0015
2025-08-05,966.280029296875,962.89374,957.4436,0.014034536977417,0.3951634421492711,49.78932890637019,913.9111328125,981.4299926757812,4,0.0005664247692132,-0.2109025688271211,966.3499755859376,2025-08-06,2025-08-04,0.020246044658418397,-0.0035044595709373123,-0.009144791394793687,0.0004089533366811031,0.4978932890637019,0.7756187914075657,952.7187364951685,969.8300170898438,cierre_periodo,3,2025-08-08,979.8413220985816,969.8300170898438,cierre_periodo,3,2025-08-08,0.0,1,0.010557876145899937,-1.0,multidia,clp,3,1,42,0.0015
2025-08-08,969.8300170898438,965.1355,966.9499,0.0128129044566977,0.8565366696081771,52.2858290427867,913.9111328125,981.4299926757812,2,-0.0028507481716754,0.0110841375039543,967.780029296875,2025-08-11,2025-08-07,-0.004649740925852059,-0.004840556599733371,-0.00296971328902164,0.0008831822634015552,0.522858290427867,0.8281965126569635,957.403677741634,957.403677741634,stop_loss,3,2025-08-13,982.2563564380536,965.1355,take_profit,3,2025-08-13,0.0,1,0.010557876145899937,-1.0,multidia,clp,3,1,42,0.0015
2025-08-13,956.3499755859376,967.8284,967.24347,0.0120312368445948,-0.6238931022036995,52.94309095297967,913.9111328125,981.4299926757812,5,0.0190332742175072,0.0331118837679883,952.6199951171876,2025-08-14,2025-08-12,-0.012820716477755095,0.012002326247804587,0.011390698689972936,-0.0006523690261208529,0.5294309095297967,0.6285479769559484,944.8439025233407,963.5999755859376,cierre_periodo,3,2025-08-18,967.8560486485344,964.0811919013391,trailing_stop,2,2025-08-15,-1.0,1,0.010557876145899937,-1.0,multidia,clp,3,1,42,0.0015
2025-08-18,963.5999755859376,961.0988,958.7594,0.011393426812973,-1.1249424084608934,52.04589139419915,913.9111328125,981.4299926757812,3,0.0030193399399282,0.0050499466976231,963.6900024414062,2025-08-19,2025-08-15,-0.0019802238528027773,-0.0025956575854173694,-0.0050234285062057725,-0.0011674371491934173,0.5204589139419915,0.7359253825383368,952.6212697871167,965.77001953125,cierre_periodo,3,2025-08-21,974.5786813847585,965.77001953125,cierre_periodo,3,2025-08-21,-1.0,1,0.010557876145899937,-1.0,multidia,clp,3,1,42,0.0015
2025-08-21,965.77001953125,960.4566,959.2441,0.0102652713579819,-0.8432516934379484,46.59944467290769,913.9111328125,981.4299926757812,1,0.0038483801407969,-0.0124943680125454,970.4299926757812,2025-08-22,2025-08-20,0.002830805865224568,-0.005501744125199664,-0.006757219005843072,-0.0008731392323062921,0.46599444672907686,0.7680652016897044,955.8561282113582,960.4682654670399,trailing_stop,2,2025-08-25,975.6839108511417,960.4566,take_profit,2,2025-08-25,0.0,1,0.010557876145899937,-1.0,multidia,clp,3,1,42,0.0015
2025-08-26,962.1300048828124,962.78326,961.5613,0.0097878293542363,-0.9644729517762788,46.89708036534908,913.9111328125,981.4299926757812,4,0.0042628685813748,0.0021314846700646,966.0499877929688,2025-08-27,2025-08-25,0.0027164019704852675,0.0006789676175489625,-0.0005910894369017153,-0.0010024351666423207,0.4689708036534908,0.7141541217957567,952.7128405784289,962.78326,take_profit,1,2025-08-27,971.547169187196,967.8200073242188,cierre_periodo,3,2025-08-29,-1.0,1,0.010557876145899937,-1.0,multidia,clp,3,1,42,0.0015
2025-08-29,967.8200073242188,965.84314,969.50916,0.0088693966834126,-0.3493635289910997,50.03341526450095,913.9111328125,981.4299926757812,2,0.0110385858296412,0.0072210459557397,965.9600219726562,2025-09-01,2025-08-28,-0.00036154690005134137,-0.002042598116652235,0.0017453169628630515,-0.0003609798581835509,0.5003341526450096,0.7984269079910218,959.236027761117,973.1400146484376,cierre_periodo,3,2025-09-03,976.4039868873205,973.1400146484376,cierre_periodo,3,2025-09-03,-1.0,1,0.010557876145899937,-1.0,multidia,clp,3,1,42,0.0015
2025-09-03,973.1400146484376,970.3352,968.8975,0.0081668177770993,0.042246567753128,69.77642405547289,913.9111328125,981.4299926757812,5,0.0112237356170585,0.0267385592028607,967.9099731445312,2025-09-04,2025-09-02,0.006370819505767784,-0.0028822313400101132,-0.0043596138115543975,4.341263036890971e-05,0.6977642405547289,0.877219816150184,965.1925574772001,966.7100219726562,cierre_periodo,3,2025-09-08,981.0874718196751,970.3352,take_profit,1,2025-09-04,-1.0,1,0.010557876145899937,-1.0,multidia,clp,3,1,42,0.0015
2025-09-08,966.7100219726562,976.24304,976.66266,0.007681698757439,-0.1787075277519236,52.95616888160267,919.1043090820312,981.4299926757812,3,-0.0012262060033473,-0.0079671962195787,970.0399780273438,2025-09-09,2025-09-05,-0.005189692299872111,0.009861300504458147,0.010295370691445283,-0.00018486156519537813,0.5295616888160267,0.7638217528575794,959.2840467980651,962.588423133465,trailing_stop,3,2025-09-11,974.1359971472475,961.3900146484376,cierre_periodo,3,2025-09-11,0.0,1,0.010557876145899937,-1.0,multidia,clp,3,1,42,0.0015
2025-09-11,961.3900146484376,965.3205,965.65497,0.0071917340087035,-0.8425886821431847,41.78480106939426,919.1043090820312,981.4299926757812,1,0.0108276966747339,-0.0018645656890414,952.3400268554688,2025-09-12,2025-09-10,-0.005476988752608318,0.004088335942411187,0.0044362384532587945,-0.0008764275364887201,0.4178480106939426,0.6784635663530333,954.4759533844624,954.4759533844624,stop_loss,1,2025-09-12,968.3040759124128,946.5515868562902,trailing_stop,3,2025-09-16,0.0,1,0.010557876145899937,-1.0,multidia,clp,3,1,42,0.0015
2025-09-16,951.0700073242188,966.38824,967.7896,0.0083908507338835,-2.9077154112445047,39.36899755874011,919.1043090820312,981.4299926757812,4,0.014496124151625,0.0367442295588919,947.260009765625,2025-09-17,2025-09-15,0.011928199162290126,0.016106314527653143,0.01757977072878244,-0.0030573095448832377,0.3936899755874011,0.5128816307983987,943.0897208552877,955.0599975585938,cierre_periodo,3,2025-09-19,959.0502937931498,955.0599975585938,cierre_periodo,3,2025-09-19,-1.0,2,0.010317055301189572,-1.0,multidia,clp,3,1,42,0.0015
2025-09-19,955.0599975585938,941.95264,946.4221,0.0077690097073412,-1.9602423071405364,42.98891801023557,919.1043090820312,981.4299926757812,2,-0.0065847932935611,-0.0107831368853523,954.9400024414062,2025-09-22,2025-09-18,0.003587335769549831,-0.013724119523485359,-0.009044350701185982,-0.002052480799270701,0.4298891801023557,0.5769000258533566,947.6401271664678,948.3644364098699,trailing_stop,3,2025-09-24,962.4798679507198,948.0900268554688,cierre_periodo,3,2025-09-24,-1.0,2,0.010317055301189572,-1.0,multidia,clp,3,1,42,0.0015
2025-09-24,948.0900268554688,943.19763,945.3704,0.0073534419696311,-1.1677417083232269,36.60708393823409,925.760009765625,981.4299926757812,5,0.0025115780623503,-0.0104683924268006,952.010009765625,2025-09-25,2025-09-23,-0.00808873787694262,-0.005160266131788523,-0.002868532289585327,-0.00123167808461848,0.3660708393823409,0.4011141358868629,941.1183018610011,959.510009765625,cierre_periodo,3,2025-09-29,955.0617518499364,955.0617518499364,stop_loss,2,2025-09-26,-1.0,2,0.010317055301189572,-1.0,multidia,clp,3,1,42,0.0015
2025-09-29,959.510009765625,949.92664,949.0938,0.0069675145713083,0.2271292093469132,42.80977406945872,936.902587890625,981.4299926757812,3,0.0032924609806411,0.032063934796977,964.9400024414062,2025-09-30,2025-09-26,0.0003961190060461585,-0.00998777466424333,-0.010855759355933484,0.00023671374663657025,0.42809774069458717,0.5077192794882234,952.8246097912669,959.5499877929688,cierre_periodo,3,2025-10-02,966.1954097399832,959.5499877929688,cierre_periodo,3,2025-10-02,-1.0,2,0.010317055301189572,-1.0,multidia,clp,3,1,42,0.0015
2025-10-02,959.5499877929688,960.22705,961.31696,0.0065427638635636,0.9759368424864084,55.43375063478397,936.902587890625,981.4299926757812,1,0.0052930013391957,0.0164124287691581,961.469970703125,2025-10-03,2025-10-01,-0.0017805222032345658,0.0007056038931212982,0.001841459256432698,0.0010170776456692272,0.5543375063478397,0.5086171092076207,953.271878807554,960.22705,take_profit,1,2025-10-03,965.8280967783835,953.5343171420147,trailing_stop,3,2025-10-07,-1.0,2,0.010317055301189572,-1.0,multidia,clp,3,1,42,0.0015
2025-10-07,961.4299926757812,959.0047,958.81494,0.0081228753568205,0.4453338065425907,60.28933762231167,936.902587890625,981.4299926757812,4,-0.0141366413249618,0.0301590386348411,959.1099853515624,2025-10-08,2025-10-06,0.014767789634243642,-0.0025225889500611444,-0.0027199616152011746,0.0004631994112261574,0.6028933762231167,0.5508384084700296,953.620416680967,953.620416680967,stop_loss,2,2025-10-09,969.2395686705955,959.0047,take_profit,2,2025-10-09,-1.0,2,0.010317055301189572,-1.0,multidia,clp,3,1,42,0.0015
2025-10-10,950.4600219726562,955.19055,958.9387,0.0077306805682505,-0.3748068079723023,46.88490443362131,936.902587890625,981.4299926757812,2,0.0058291935222696,0.0362393337130117,947.030029296875,2025-10-13,2025-10-09,-1.0467224471312231e-05,0.004977093110687272,0.00892060458234372,-0.00039434252815220995,0.4688490443362131,0.304473933467391,943.1123191498932,955.19055,take_profit,2,2025-10-14,957.8077247954192,954.35121594191,trailing_stop,2,2025-10-14,-1.0,2,0.010317055301189572,-1.0,multidia,clp,3,1,42,0.0015
2025-10-15,960.8499755859376,955.453,957.96625,0.0075725755485867,0.2058379487253494,55.763619722233344,936.902587890625,981.4299926757812,5,-0.023808263054996,-0.0133715609134454,959.1199951171876,2025-10-16,2025-10-14,0.00448523530174729,-0.005616876435518979,-0.003001223561648257,0.0002142248571113581,0.5576361972223335,0.5378123385105922,953.5738665549554,960.6500244140624,cierre_periodo,3,2025-10-20,968.1260846169198,955.453,take_profit,2,2025-10-17,1.0,2,0.010317055301189572,-1.0,multidia,clp,3,1,42,0.0015
2025-10-20,960.6500244140624,967.9357,974.22766,0.0071215110354385,0.6019468668455574,47.15207798995945,939.7928466796876,981.4299926757812,3,-0.0053592776413097,0.0171187350641092,950.5499877929688,2025-10-21,2025-10-17,0.00593026839539086,0.007584110134574166,0.014133800281969653,0.0006266037074351902,0.4715207798995945,0.500927170568597,953.8087446640034,953.8087446640034,stop_loss,1,2025-10-21,967.4913041641215,949.75,cierre_periodo,3,2025-10-23,-1.0,2,0.010317055301189572,-1.0,multidia,clp,3,1,42,0.0015
2025-10-23,949.75,949.07715,947.61414,0.0069850306899156,-0.4080533012879903,42.64816238517778,939.7928466796876,974.3499755859376,1,0.0062683731636311,-0.0022124207828875,946.9400024414062,2025-10-24,2025-10-22,-0.0012627056966049096,-0.0007084495919979357,-0.0022488654909186413,-0.0004296428547386052,0.4264816238517778,0.2881360123210796,943.1159671022526,943.1159671022526,stop_loss,2,2025-10-27,956.3840328977473,949.07715,take_profit,1,2025-10-24,-1.0,2,0.010317055301189572,-1.0,multidia,clp,3,1,42,0.0015
2025-10-28,939.9000244140624,949.6423,950.99146,0.0081698411004582,-1.902147560721924,37.51015898816474,930.953857421875,974.3499755859376,4,0.0091851203485773,0.0285113884700053,942.0999755859376,2025-10-29,2025-10-27,0.00956379893513279,0.010365225378104408,0.011800654641808336,-0.002023776477618171,0.3751015898816474,0.20615131884298182,932.2211905642828,942.02001953125,cierre_periodo,3,2025-10-31,947.5788582638421,942.02001953125,cierre_periodo,3,2025-10-31,-1.0,2,0.010317055301189572,-1.0,multidia,clp,3,1,42,0.0015
2025-10-31,942.02001953125,937.8442,942.6566,0.0074103497204354,-1.2109043396322678,46.42766371539686,930.953857421875,973.1400146484376,2,-0.0301627742372471,-0.000787034682633,928.7900390625,2025-11-03,2025-10-30,0.0016042347967558767,-0.004432835231387005,0.0006757610831527645,-0.0012854337641728835,0.4642766371539686,0.2623173769998459,935.0393217428721,935.0393217428721,stop_loss,1,2025-11-03,949.0007173196279,937.8442,take_profit,1,2025-11-03,1.0,2,0.010317055301189572,-1.0,multidia,clp,3,1,42,0.0015
2025-11-05,946.3900146484376,944.0481,946.7365,0.0083297497802049,-0.5183114873316859,42.547054384119306,928.7900390625,973.1400146484376,5,-0.0242666700483384,-0.0417274482139362,943.4199829101562,2025-11-06,2025-11-04,0.008339909095452137,-0.002474576667324206,0.00036611264510337836,-0.0005476721851553208,0.42547054384119304,0.3968429599658714,938.5068226319316,938.5068226319316,stop_loss,3,2025-11-10,954.2732066649435,944.0481,take_profit,1,2025-11-06,1.0,2,0.010317055301189572,-1.0,multidia,clp,3,1,42,0.0015
2025-11-10,929.9956665039062,955.1915,956.8298,0.0083336843116414,-0.49102110730567,37.44645128390184,928.7900390625,973.1400146484376,3,-0.0015176195049082,-0.0251701877122198,937.4400024414062,2025-11-11,2025-11-07,-0.012825348113136844,0.027092420323646678,0.028854041435451158,-0.0005279821454991776,0.3744645128390184,0.027184399212804244,922.2453762080681,929.6276733999553,trailing_stop,3,2025-11-13,937.7459567997445,929.52001953125,cierre_periodo,3,2025-11-13,1.0,2,0.010317055301189572,-1.0,multidia,clp,3,1,42,0.0015
2025-11-13,929.52001953125,931.3333,930.0418,0.0079848638788438,-0.5887935000709756,40.61634283001391,928.7900390625,973.1400146484376,1,0.0080884026144595,0.0254886428107165,929.3800048828124,2025-11-14,2025-11-12,-0.006551759512937208,0.0019507707533447554,0.0005613439816100964,-0.0006334382129476886,0.40616342830013913,0.016459546123886944,922.0979287026328,922.0979287026328,stop_loss,2,2025-11-17,936.9421103598672,923.3699951171876,cierre_periodo,3,2025-11-18,-1.0,2,0.010317055301189572,-1.0,multidia,clp,3,1,42,0.0015
2025-11-18,923.3699951171876,930.00134,931.15405,0.0079970039435005,-1.421876183367936,38.588199069122695,918.2572631835938,973.1400146484376,4,-0.0098513137839929,-0.0171023972901925,931.9000244140624,2025-11-19,2025-11-17,0.005552421149001702,0.007181676811981323,0.008430049626882746,-0.0015398769625251702,0.385881990691227,0.09315735448994238,915.9858016249254,930.00134,take_profit,1,2025-11-19,930.7541886094498,930.7541886094498,stop_loss,1,2025-11-19,1.0,2,0.010317055301189572,-1.0,multidia,clp,3,1,42,0.0015
2025-11-21,930.1500244140624,932.29974,936.21063,0.0075769701952645,0.037806421848753,50.89338553101943,918.2572631835938,973.1400146484376,2,-0.0097317171017257,-0.0251597556756742,938.5700073242188,2025-11-24,2025-11-20,-0.0019332885647453681,0.002311149308727746,0.006515729104834956,4.0645509709650045e-05,0.5089338553101943,0.2166939687432901,923.1023054019525,932.29974,take_profit,1,2025-11-24,937.1977434261723,937.1977434261723,stop_loss,1,2025-11-24,1.0,2,0.010317055301189572,-1.0,multidia,clp,3,1,42,0.0015
2025-11-26,934.9600219726562,934.7062,940.3103,0.0073977482561832,1.410280243809046,44.1016065173061,918.2572631835938,971.739990234375,5,0.0075290032502236,0.0074558592932125,925.7000122070312,2025-11-27,2025-11-25,-0.006056739100712397,-0.0002714789581278013,0.005722467166088313,0.0015083856107916997,0.441016065173061,0.3123019283067488,928.043423100507,928.043423100507,stop_loss,1,2025-11-27,941.8766208448054,934.7062,take_profit,1,2025-11-27,-1.0,2,0.010317055301189572,-1.0,multidia,clp,3,1,42,0.0015
2025-12-01,927.5700073242188,935.26843,942.761,0.0071516388281968,0.3376442855645392,42.03717527767225,918.2572631835938,970.0399780273438,3,0.0157438292466849,0.0353399305722826,929.2999877929688,2025-12-02,2025-11-28,0.0007441586116706684,0.008299559725943515,0.016377192617086662,0.00036400949027939026,0.42037175277672245,0.17984271718324202,920.9363616439681,922.6539699172257,trailing_stop,3,2025-12-04,934.2036530044693,918.4500122070312,cierre_periodo,3,2025-12-04,-1.0,2,0.010317055301189572,-1.0,multidia,clp,3,1,42,0.0015
2025-12-04,918.4500122070312,919.84564,922.26953,0.0068597959283579,-0.4241318327010361,41.781394652952365,918.2572631835938,964.9400024414062,1,0.0280848174419795,0.0398668386998417,917.22998046875,2025-12-05,2025-12-03,-0.0054400291307762265,0.0015195468173766645,0.0041586561513462204,-0.0004617908727355223,0.41781394652952364,0.004128914166176375,912.1496325528932,919.84564,take_profit,2,2025-12-08,924.7503918611693,922.6900024414062,cierre_periodo,3,2025-12-09,-1.0,2,0.010317055301189572,-1.0,multidia,clp,3,1,42,0.0015
2025-12-09,922.6900024414062,926.4619,925.6368,0.0063260050969247,-0.3489947282223253,40.48747461069759,917.22998046875,964.9400024414062,4,-0.0032568630065428,0.0278789398225825,925.6799926757812,2025-12-10,2025-12-08,0.0014207679467180697,0.004087935870783743,0.0031937027070810544,-0.00037823616523306546,0.4048747461069759,0.11444182473413067,916.8530607830804,919.824136323993,trailing_stop,3,2025-12-12,928.5269440997321,913.75,cierre_periodo,3,2025-12-12,-1.0,3,0.010201951413447282,-1.0,multidia,clp,3,1,42,0.0015
2025-12-12,913.75,928.5162,928.6555,0.006487603448715,-0.2772339814335911,26.611375361627083,913.75,964.9400024414062,2,0.0283130759017393,0.025607096641639,909.75,2025-12-15,2025-12-11,-0.010429707843389181,0.01616000000000003,0.016312448700410355,-0.00030340244206138563,0.2661137536162708,0.0,907.8219523487367,913.4400024414062,cierre_periodo,3,2025-12-17,919.6780476512632,913.4400024414062,cierre_periodo,3,2025-12-17,-1.0,3,0.010201951413447282,-1.0,multidia,clp,3,1,42,0.0015
2025-12-17,913.4400024414062,926.52124,929.3105,0.0060902605093664,-0.6622988528759963,36.23090253024337,909.75,964.9400024414062,5,-0.0096937077586613,0.0088732384754497,917.4199829101562,2025-12-18,2025-12-16,-0.0004268823438149721,0.014320850328024578,0.01737442800422114,-0.0007250600489422733,0.3623090253024337,0.06685997967338064,907.8769148668617,907.8769148668617,stop_loss,1,2026-01-08,919.0030900159508,894.6300048828125,cierre_periodo,3,2026-01-12,0.0,3,0.010201951413447282,-1.0,multidia,clp,3,1,42,0.0015
2026-01-12,894.6300048828125,895.86743,897.9056,0.0065313897217167,-0.4994793159877648,35.646401148690515,893.4299926757812,960.6500244140624,3,0.0187904518034645,0.0382092836645984,883.6699829101562,2026-01-13,2026-01-09,-0.002076897165148594,0.0013831697019256618,0.0036613964424506637,-0.0005583082539839378,0.35646401148690515,0.017852002981841128,888.7868276641815,888.7868276641815,stop_loss,1,2026-01-13,900.4731821014435,881.3400268554688,cierre_periodo,3,2026-01-15,-1.0,3,0.010201951413447282,-1.0,multidia,clp,3,1,42,0.0015
2026-01-15,881.3400268554688,891.7224,892.9678,0.0068328036285685,-1.4147132841956154,31.309366569244546,881.3400268554688,950.9500122070312,1,0.0065114238888483,0.0344293008675825,882.510009765625,2026-01-16,2026-01-14,-0.004765400075395384,0.011780212889654508,0.013193288390654364,-0.0016051844249524987,0.31309366569244546,0.0,875.318003521968,887.2899780273438,cierre_periodo,3,2026-01-20,887.3620501889695,887.2899780273438,cierre_periodo,3,2026-01-20,-1.0,3,0.010201951413447282,-1.0,multidia,clp,3,1,42,0.0015
2026-01-20,887.2899780273438,898.3567,899.6105,0.006283833083719,-0.4254433913196394,28.109720742374307,881.3400268554688,946.3900146484376,4,0.0,-0.0328321298208056,884.6099853515625,2026-01-21,2026-01-19,0.00124047154645362,0.012472497432305328,0.013885564221121596,-0.00047948630307478624,0.28109720742374306,0.0914673680003076,881.7143959085632,881.7143959085632,stop_loss,2,2026-01-22,892.8655601461243,871.25,cierre_periodo,3,2026-01-23,1.0,3,0.010201951413447282,-1.0,multidia,clp,3,1,42,0.0015
2026-01-23,871.25,882.17596,887.1955,0.0065894547884264,-0.9811968987910706,19.24363303777412,871.25,946.3900146484376,2,0.0022663907619747,-0.0345494498094415,870.0399780273438,2026-01-26,2026-01-22,-0.0035517631624062468,0.012540556671449104,0.018301865136298466,-0.001126194431897929,0.19243633037774122,0.0,865.5089375155835,865.5089375155835,stop_loss,2,2026-01-27,876.9910624844165,859.75,cierre_periodo,3,2026-01-28,1.0,3,0.010201951413447282,-1.0,multidia,clp,3,1,42,0.0015
2026-01-28,859.75,886.24194,880.98193,0.0063972971474177,-1.7863821848445909,17.53920996258836,859.75,946.3900146484376,5,-0.0263296330609804,0.0096137247170157,862.4400024414062,2026-01-29,2026-01-27,-0.00561378787367527,0.030813538819424252,0.024695469613259708,-0.0020777925965043222,0.1753920996258836,0.0,854.2499237775077,865.9299926757812,cierre_periodo,3,2026-02-02,865.2500762224925,864.6562747899043,trailing_stop,3,2026-02-02,1.0,3,0.010201951413447282,-1.0,multidia,clp,3,1,42,0.0015
2026-02-02,865.9299926757812,861.0984,864.2842,0.0062843170325334,-0.9191699083183592,33.04662801413889,859.1599731445312,942.0,3,-0.046146118104016,-0.0023684553371519,865.1099853515625,2026-02-03,2026-01-30,0.00784892895017164,-0.005579657381829838,-0.0019006070810592736,-0.0010614829329078474,0.3304662801413889,0.08172401420223672,860.4882140738273,860.4882140738273,stop_loss,2,2026-02-04,871.3717712777351,861.0984,take_profit,2,2026-02-04,1.0,3,0.010201951413447282,-1.0,multidia,clp,3,1,42,0.0015
2026-02-05,858.2100219726562,862.0256,859.6079,0.0059463881349963,-0.2148748380185026,26.97991435645337,858.2100219726562,940.6400146484376,1,-0.0397915610591698,-0.0112854834016159,866.2100219726562,2026-02-06,2026-02-04,-0.002130023857487039,0.0044459723490217805,0.0016288297637571292,-0.00025037558699745504,0.2697991435645337,0.0,853.1067720806632,862.0256,take_profit,1,2026-02-06,863.3132718646494,863.3132718646494,stop_loss,1,2026-02-06,1.0,3,0.010201951413447282,-1.0,multidia,clp,3,1,42,0.0015
2026-02-10,852.3699951171875,867.7117,869.48047,0.0066334711255031,0.2288461639782735,25.997637115463263,852.3699951171875,940.6400146484376,4,0.0138038439305857,0.0247350395471152,855.1599731445312,2026-02-11,2026-02-09,-0.009365092717868706,0.017998879560164723,0.020073999531694035,0.00026848219117193436,0.2599763711546326,0.0,846.7158233663324,856.6099853515625,cierre_periodo,3,2026-02-13,858.0241668680426,856.6099853515625,cierre_periodo,3,2026-02-13,-1.0,3,0.010201951413447282,-1.0,multidia,clp,3,1,42,0.0015
2026-02-13,856.6099853515625,856.5957,856.51886,0.0061130617045509,0.5877605601860658,38.59350457479069,852.3699951171875,940.6400146484376,2,-0.0303777584629805,-0.0048283978205112,862.4000244140625,2026-02-16,2026-02-12,0.002887590143947523,-1.6676611067838383e-05,-0.0001063790442800912,0.0006861472201317408,0.38593504574790694,0.048034318525033544,851.3734756543739,865.719970703125,cierre_periodo,3,2026-02-18,861.846495048751,861.846495048751,stop_loss,1,2026-02-16,1.0,3,0.010201951413447282,-1.0,multidia,clp,3,1,42,0.0015
2026-02-18,865.719970703125,855.93866,854.5375,0.005875069326053,2.0828069174509736,52.97314164124455,852.3699951171875,940.6400146484376,5,-0.0279218389891496,-0.0446065155237347,861.5900268554688,2026-02-19,2026-02-17,0.00393505683828324,-0.011298469521479025,-0.012916960543306792,0.002405866779022492,0.5297314164124455,0.1512402020168493,860.6338058582955,866.4000244140625,cierre_periodo,3,2026-02-23,870.8061355479545,866.4000244140625,cierre_periodo,3,2026-02-23,1.0,3,0.010201951413447282,-1.0,multidia,clp,3,1,42,0.0015
2026-02-23,866.4000244140625,862.0659,865.3654,0.0055802980935195,2.4705236193947897,51.21176262845165,852.3699951171875,929.2999877929688,3,0.0174729526704826,0.0066464966813204,860.6599731445312,2026-02-25,2026-02-20,0.0015940732346980686,-0.005002451860494312,-0.0011941648025254657,0.0028514814748136458,0.5121176262845165,0.18237398456547455,861.5652540095995,861.5652540095995,stop_loss,1,2026-02-25,871.2347948185256,862.0659,take_profit,1,2026-02-25,-1.0,3,0.010201951413447282,-1.0,multidia,clp,3,1,42,0.0015
2026-02-27,865.1699829101562,860.9954,861.3489,0.0059819250104034,1.725423827675927,54.68442139036666,852.3699951171875,925.6799926757812,2,-0.0054500265899209,0.0264952242208751,873.1599731445312,2026-03-02,2026-02-26,0.010036622036167116,-0.004825159208730595,-0.004416568981396449,0.001994317719937706,0.5468442139036666,0.17460084871423207,859.9946009511357,899.9199829101562,cierre_periodo,3,2026-03-04,870.3453648691768,870.3453648691768,stop_loss,1,2026-03-02,-1.0,3,0.010201951413447282,-1.0,multidia,clp,3,1,42,0.0015
2026-03-04,899.9199829101562,860.3513,860.3017,0.0083026645312485,4.741833190996336,80.95756175960497,852.3699951171875,925.6799926757812,5,-0.0207411987513938,-0.0252405701082266,894.3800048828125,2026-03-05,2026-03-03,0.01937707779891675,-0.04396911243397355,-0.04402422844533231,0.005269172016452198,0.8095756175960497,0.6486153236461909,892.4482491870864,910.8900146484376,cierre_periodo,3,2026-03-09,907.3917166332261,901.8057420268109,trailing_stop,2,2026-03-06,-1.0,3,0.010201951413447282,-1.0,multidia,clp,3,1,42,0.0015
2026-03-09,910.8900146484376,903.7261,904.4708,0.0084274500594304,6.328988252790502,77.70684270449254,852.3699951171875,917.4199829101562,3,0.0006950803071056,-0.0412190767584348,914.8200073242188,2026-03-10,2026-03-06,0.005747177206859588,-0.00786474166280392,-0.007047189611486834,0.006948136603773404,0.7770684270449254,0.8996161493142593,903.2135345403541,907.1104073991262,trailing_stop,2,2026-03-11,918.5664947565211,903.7261,take_profit,2,2026-03-11,-1.0,3,0.010201951413447282,-1.0,multidia,clp,3,1,42,0.0015
2026-03-12,896.9400024414062,891.299,896.60846,0.011089880353836,3.693113716754075,63.87826080495329,852.3699951171875,917.4199829101562,1,-0.009957921186447,-0.0016225493888869,915.7000122070312,2026-03-13,2026-03-11,0.009240501874221535,-0.006289163629732054,-0.00036963725611944935,0.00411745903483141,0.6387826080495329,0.6851654986634189,886.9930451297618,909.4199829101562,cierre_periodo,3,2026-03-17,906.8869597530507,906.8869597530507,stop_loss,1,2026-03-13,-1.0,3,0.010201951413447282,-1.0,multidia,clp,3,1,42,0.0015
2026-03-17,909.4199829101562,895.20215,895.30493,0.0114248167866035,3.3695903152649933,68.06730062925854,852.3699951171875,916.7100219726562,4,0.0132118762926652,-0.0017239465889763,906.9099731445312,2026-03-18,2026-03-16,-0.007984182691901993,-0.015633957002637033,-0.015520939912698945,0.0037052081311016046,0.6806730062925854,0.886695119371397,899.0300262233317,912.489990234375,cierre_periodo,3,2026-03-20,919.8099395969809,912.489990234375,cierre_periodo,3,2026-03-20,-1.0,3,0.010201951413447282,-1.0,multidia,clp,3,1,42,0.0015
2026-03-20,912.489990234375,896.1051,901.19696,0.0105442782910158,1.7824237537635117,65.41747675952651,852.3699951171875,916.7100219726562,2,-0.0220268873083426,-0.0672160684254967,927.5499877929688,2026-03-23,2026-03-19,-0.002889021231676366,-0.017956241065358442,-0.012376059305017001,0.001953362527632432,0.654174767595265,0.9344104759582866,902.8684418395775,917.7696425928514,trailing_stop,2,2026-03-24,922.1115386291726,922.1115386291726,stop_loss,1,2026-03-23,-1.0,3,0.010201951413447282,-1.0,multidia,clp,3,1,42,0.0015
2026-03-25,917.3599853515624,896.7281,904.03436,0.0115429515740823,0.9012914654809094,58.58358061686219,852.3699951171875,927.5499877929688,5,-0.0031301298885793,-0.0530865099092448,916.6900024414062,2026-03-26,2026-03-24,0.007308398600773176,-0.022490500655155055,-0.014526059087322822,0.0009824839538161293,0.585835806168622,0.8644585869361356,906.7709434646486,922.719970703125,cierre_periodo,3,2026-03-30,927.9490272384763,927.2713107480329,trailing_stop,2,2026-03-27,-1.0,4,0.010237671863989235,-1.0,multidia,clp,3,1,42,0.0015
2026-03-30,922.719970703125,912.1763,914.2164,0.0109336547940363,0.5798591974697906,53.02078582954511,852.3699951171875,928.0399780273438,3,0.0037568529861707,0.0233036580124928,930.219970703125,2026-03-31,2026-03-27,-0.005749013512594582,-0.011426728626118944,-0.00921576531680044,0.0006284238077430254,0.5302078582954511,0.9296946144346927,912.6312690718937,920.0492666609384,trailing_stop,3,2026-04-02,932.8086723343564,912.4600219726562,cierre_periodo,3,2026-04-02,-1.0,4,0.010237671863989235,-1.0,multidia,clp,3,1,42,0.0015
2026-04-02,912.4600219726562,923.3681,928.4896,0.0108638517081799,-0.7009823121162189,48.42535474309824,852.3699951171875,930.219970703125,1,0.0065111903881707,0.0171821794848242,916.5,2026-04-03,2026-04-01,-0.014848729310660917,0.011954581860760864,0.017567430508012006,-0.0007682334515881127,0.48425354743098237,0.7718695658309643,902.5471916043027,915.969970703125,cierre_periodo,3,2026-04-07,922.3728523410097,915.969970703125,cierre_periodo,3,2026-04-07,-1.0,4,0.010237671863989235,-1.0,multidia,clp,3,1,42,0.0015
2026-04-07,915.969970703125,925.5249,925.8812,0.0098851849667325,-1.789246657126574,54.42469355720456,852.3699951171875,930.219970703125,4,0.0036782360700273,0.0196311321382333,916.4600219726562,2026-04-08,2026-04-06,-0.0037050664910828583,0.010431487496844862,0.010820474048146895,-0.001953390083031976,0.5442469355720456,0.8169556266042803,906.915438118752,907.4006451408408,trailing_stop,2,2026-04-09,925.024503287498,891.6199951171875,cierre_periodo,3,2026-04-10,-1.0,4,0.010237671863989235,-1.0,multidia,clp,3,1,42,0.0015
2026-04-10,891.6199951171875,917.2777,916.25586,0.0106195891074937,-4.396851220045333,32.35091834574844,852.3699951171875,930.219970703125,2,-0.00199867658502,0.0332554262189454,894.4400024414062,2026-04-13,2026-04-09,-0.006272190311866081,0.028776502347774555,0.027630453576329386,-0.004931306211305238,0.3235091834574844,0.504174853037333,882.1513571290174,886.22998046875,cierre_periodo,3,2026-04-15,901.0886331053575,886.22998046875,cierre_periodo,3,2026-04-15,-1.0,4,0.010237671863989235,-1.0,multidia,clp,3,1,42,0.0015
2026-04-15,886.22998046875,916.5673,918.2719,0.0099237322592205,-5.082537793823954,32.98323955293658,852.3699951171875,930.219970703125,5,0.0156895372913926,0.0948687951719258,884.9500122070312,2026-04-16,2026-04-14,-0.00972433350511084,0.034231881339879575,0.03615530983763623,-0.005735009992706034,0.32983239552936583,0.43493893346421075,877.4352714224839,890.3200073242188,cierre_periodo,3,2026-04-20,895.0246895150161,890.3200073242188,cierre_periodo,3,2026-04-20,-1.0,4,0.010237671863989235,-1.0,multidia,clp,3,1,42,0.0015
2026-04-20,890.3200073242188,889.7505,890.70856,0.009009236579174,-4.184552650838848,22.28400918833813,852.3699951171875,930.219970703125,3,0.0060804956810176,0.03968994091703,881.219970703125,2026-04-21,2026-04-17,0.00472858078752516,-0.0006396658724208251,0.00043641912187174827,-0.0047000546055515095,0.22284009188338127,0.4874762248979611,882.2989037470629,882.2989037470629,stop_loss,1,2026-04-21,898.3411109013746,889.7505,take_profit,1,2026-04-21,-1.0,4,0.010237671863989235,-1.0,multidia,clp,3,1,42,0.0015
2026-04-23,889.72998046875,889.0972,885.24805,0.0090894386150117,-2.535003657485399,31.46382529845529,852.3699951171875,930.219970703125,1,0.0195526182302608,0.0079051150601304,894.469970703125,2026-04-24,2026-04-22,-0.00248084451928385,-0.000711205065177841,-0.005037405243317396,-0.0028491831377311177,0.3146382529845529,0.4798972006140366,881.6428344273438,893.5399780273438,cierre_periodo,3,2026-04-28,897.8171265101563,893.5399780273438,cierre_periodo,3,2026-04-28,-1.0,4,0.010237671863989235,-1.0,multidia,clp,3,1,42,0.0015
2026-04-28,893.5399780273438,884.09735,884.73694,0.0083218494653368,-0.5490393215118572,34.59677498744844,852.3699951171875,930.219970703125,4,-0.0009134808991143,-0.0029820493238921,891.1199951171875,2026-04-29,2026-04-27,-0.0028720801759454686,-0.010567661503170914,-0.009851868124331824,-0.0006144541207030982,0.3459677498744844,0.52883745435102,886.1040728389398,900.469970703125,cierre_periodo,3,2026-05-01,900.9758832157477,898.5357615721043,trailing_stop,2,2026-04-30,-1.0,4,0.010237671863989235,-1.0,multidia,clp,3,1,42,0.0015
2026-05-01,900.469970703125,894.9552,890.8657,0.0085377708044414,0.9432883207234264,54.53312422398437,852.3699951171875,930.219970703125,2,0.0080478443767945,-0.0246070106010816,899.25,2026-05-04,2026-04-30,-0.004432287697365498,-0.006124324944249772,-0.010665842299688942,0.0010475511137665891,0.5453312422398437,0.6178547292264801,892.7819644769796,904.8200073242188,cierre_periodo,3,2026-05-06,908.1579769292704,906.927590395894,trailing_stop,2,2026-05-05,-1.0,4,0.010237671863989235,-1.0,multidia,clp,3,1,42,0.0015
2026-05-06,904.8200073242188,885.3747,892.638,0.0087256584654192,1.911325119055146,62.95137872210412,854.1400146484375,930.219970703125,5,0.0252185394683388,0.0048185987204042,896.1199951171875,2026-05-07,2026-05-05,-0.007596856272572291,-0.021490801669741447,-0.01346345927986715,0.0021123815826170965,0.6295137872210411,0.6661411928176149,896.9248569676296,896.9248569676296,stop_loss,1,2026-05-07,912.7151576808079,892.1799926757812,cierre_periodo,3,2026-05-11,-1.0,4,0.010237671863989235,-1.0,multidia,clp,3,1,42,0.0015
2026-05-11,892.1799926757812,914.0573,914.92993,0.0084102620945186,0.0375769544760244,56.99873798297096,856.530029296875,930.219970703125,3,0.0196346167870453,0.0534389588166078,897.219970703125,2026-05-12,2026-05-08,0.0019185174120472397,0.02452118126814914,0.025499268657648663,4.2118131749766654e-05,0.5699873798297096,0.48378330473041475,884.6765251018923,905.2817889060487,trailing_stop,3,2026-05-14,899.6834602496702,899.6834602496702,stop_loss,2,2026-05-13,-1.0,4,0.010237671863989235,-1.0,multidia,clp,3,1,42,0.0015
2026-05-14,886.6199951171875,908.91693,911.8113,0.0119510382866338,0.0797807083401247,46.3573199137181,856.530029296875,930.219970703125,1,0.0229421776398646,0.0813167248586991,894.2999877929688,2026-05-15,2026-05-13,-0.029275617456249233,0.025148242770980392,0.028412741672358563,8.998297893065204e-05,0.463573199137181,0.408332063319573,876.0239656098469,900.5,cierre_periodo,3,2026-05-19,897.2160246245281,897.2160246245281,stop_loss,2,2026-05-18,-1.0,4,0.010237671863989235,-1.0,multidia,clp,3,1,42,0.0015
2026-05-19,900.5,912.73303,913.0728,0.0109818053048745,0.2705112413584798,54.07826299252717,856.530029296875,930.219970703125,4,0.003273801195157,-0.0220628361874914,905.030029296875,2026-05-20,2026-05-18,0.0030808314312530723,0.013584708495280384,0.01396202109938926,0.0003004011564225206,0.5407826299252717,0.5966889084728692,890.6108843229605,898.3400268554688,cierre_periodo,3,2026-05-22,910.3891156770395,898.3400268554688,cierre_periodo,3,2026-05-22,-1.0,4,0.010237671863989235,-1.0,multidia,clp,3,1,42,0.0015
2026-05-22,898.3400268554688,903.94244,906.25586,0.0101563762458682,0.3674370846410434,49.58208337701523,873.1599731445312,930.219970703125,2,-0.0053397527463154,-0.0472782854279293,896.6300048828125,2026-05-25,2026-05-21,0.0006793125075199923,0.006236406012255578,0.008811622445723205,0.00040901782583061864,0.4958208337701523,0.44129083049960904,889.2161475460013,893.8300170898438,cierre_periodo,3,2026-05-27,907.4639061649364,893.8300170898438,cierre_periodo,3,2026-05-27,0.0,4,0.010237671863989235,-1.0,multidia,clp,3,1,42,0.0015
2026-05-27,893.8300170898438,904.8798,904.3716,0.0091809890094562,-0.2277430674369296,48.66036583841839,881.219970703125,930.219970703125,5,0.0029914299727304,0.031792392602581,894.030029296875,2026-05-28,2026-05-26,-0.0032169147895447525,0.01236228667519187,0.011793722193933215,-0.00025479460644924605,0.48660365838418396,0.2573478854432398,885.6237735266199,889.5999755859375,cierre_periodo,3,2026-06-01,902.0362606530678,889.5999755859375,cierre_periodo,3,2026-06-01,-1.0,4,0.010237671863989235,-1.0,multidia,clp,3,1,42,0.0015
2026-06-01,889.5999755859375,892.05554,891.81006,0.008318543691543,-0.8376566678487599,45.09654826784976,881.219970703125,930.219970703125,3,-0.0057230335454064,0.0027593698651848,891.9400024414062,2026-06-02,2026-05-29,-0.001538827935838679,0.0027603018001940553,0.002484357548016841,-0.0009416104888009186,0.4509654826784976,0.1710205078125,882.1997993210304,892.05554,take_profit,3,2026-06-04,897.0001518508446,894.9600219726562,cierre_periodo,3,2026-06-04,-1.0,4,0.010237671863989235,-1.0,multidia,clp,3,1,42,0.0015
2026-06-04,894.9600219726562,888.2991,888.1887,0.0076920471497266,-0.4626272630289154,50.87816460835839,881.219970703125,930.219970703125,1,-0.025666836602769,0.0279143732033996,895.6300048828125,2026-06-05,2026-06-03,0.005782344437133058,-0.007442703371234842,-0.00756606083669634,-0.0005169250599699413,0.5087816460835839,0.2804092095822704,888.0759472865223,922.9199829101562,cierre_periodo,3,2026-06-09,901.8440966587902,901.8440966587902,stop_loss,2,2026-06-08,-1.0,4,0.010237671863989235,-1.0,multidia,clp,3,1,42,0.0015
2026-06-09,922.9199829101562,887.19543,885.4501,0.0090927345831701,2.607759746091152,66.31990031302512,881.219970703125,930.219970703125,4,0.0104821070262589,-0.0298129927158813,916.4299926757812,2026-06-10,2026-06-08,0.00942753276142982,-0.038708180093261615,-0.04059927578120694,0.0028255534546649972,0.6631990031302512,0.851020657286352,914.5281164640503,914.5281164640503,stop_loss,3,2026-06-12,931.3118493562622,906.02001953125,cierre_periodo,3,2026-06-12,-1.0,4,0.010237671863989235,-1.0,multidia,clp,3,1,42,0.0015
2026-06-12,906.02001953125,917.9206,918.00244,0.0088272832908197,2.1086748415435816,57.561605215456055,881.219970703125,930.219970703125,2,0.0015989373612835,-0.0387037821878805,899.1099853515625,2026-06-15,2026-06-11,-0.010059356825148972,0.013135008291436066,0.013225337421296005,0.0023274042472422986,0.5756160521545606,0.5061234454719388,898.0223241516936,898.0223241516936,stop_loss,2,2026-06-16,914.0177149108063,885.260009765625,cierre_periodo,3,2026-06-17,-1.0,4,0.010237671863989235,-1.0,multidia,clp,3,1,42,0.0015
2026-06-17,885.260009765625,921.74713,918.20575,0.0087373951547666,-1.383097629000073,44.49741966021314,881.219970703125,930.219970703125,5,0.0010021613364065,0.0295914445461629,886.3499755859375,2026-06-18,2026-06-16,-0.005306323170373335,0.04121627525458315,0.0372158912307554,-0.001562363163073696,0.4449741966021314,0.08244977678571429,877.5251432455902,901.2100219726562,cierre_periodo,3,2026-06-22,892.9948762856599,892.9948762856599,stop_loss,2,2026-06-19,-1.0,5,0.010365225378104408,-1.0,multidia,clp,3,1,42,0.0015
2026-06-22,901.2100219726562,885.4551,893.18896,0.0088218049568876,-0.8329387666919557,55.21549456541895,881.219970703125,930.219970703125,3,0.0,-0.0087085347065966,905.9500122070312,2026-06-23,2026-06-19,0.0011435940032483373,-0.017481964901111872,-0.008900324871109418,-0.0009242449000608518,0.5521549456541895,0.4079602299904337,893.2597229336211,918.219970703125,cierre_periodo,3,2026-06-25,909.1603210116914,909.1603210116914,stop_loss,2,2026-06-24,-1.0,5,0.010365225378104408,-1.0,multidia,clp,3,1,42,0.0015
2026-06-25,918.219970703125,912.78503,916.35065,0.0084231294820052,1.5574617900175167,61.53609748677809,881.219970703125,922.9199829101562,1,-0.0327735323777381,-0.0830826655295849,919.8300170898438,2026-06-26,2026-06-24,0.005186478934412344,-0.00591899640231436,-0.002035809242630171,0.0016961750339898332,0.6153609748677809,0.8872899081252845,910.4856849969295,921.760009765625,cierre_periodo,3,2026-06-30,925.9542564093205,921.760009765625,cierre_periodo,3,2026-06-30,0.0,5,0.010365225378104408,-1.0,multidia,clp,3,1,42,0.0015
2026-06-30,921.760009765625,917.0691,920.0723,0.0076210827417654,2.487494676357592,53.91165527874357,881.219970703125,922.9199829101562,4,-0.0071901852926039,-0.0407457398409832,921.5700073242188,2026-07-01,2026-06-29,-0.00024947034027683146,-0.005089079278691754,-0.0018309644026041998,0.0026986359247566888,0.5391165527874356,0.9721829063557046,914.7352004631507,924.739990234375,cierre_periodo,3,2026-07-03,928.7848190680992,924.739990234375,cierre_periodo,3,2026-07-03,0.0,5,0.010365225378104408,-1.0,multidia,clp,3,1,42,0.0015
2026-07-03,924.739990234375,928.75977,929.0018,0.0069393453816054,2.152422405857302,73.38080146457818,881.219970703125,925.0599975585938,2,-0.0014708001647411,0.0072481919973205,920.8400268554688,2026-07-06,2026-07-02,-0.00034599127421656,0.004346929740332946,0.004608657363833534,0.002327597409637028,0.7338080146457818,0.9927005673314538,918.3229000539563,926.489990234375,cierre_periodo,3,2026-07-08,931.1570804147937,927.2300538430256,trailing_stop,2,2026-07-07,-1.0,5,0.010365225378104408,-1.0,multidia,clp,3,1,42,0.0015
2026-07-08,926.489990234375,925.30554,921.7521,0.0066392666632715,1.38861323721677,88.89538143442148,881.219970703125,927.5800170898438,5,-0.0010526365940761,-0.0033911841839605,934.6599731445312,2026-07-09,2026-07-07,-0.0011758207368091195,-0.0012784274486067762,-0.005113806176337005,0.001498789249590804,0.8889538143442148,0.9764877962723303,920.3387761283572,928.4545163433385,trailing_stop,2,2026-07-10,932.6412043403928,932.6412043403928,stop_loss,1,2026-07-09,-1.0,5,0.010365225378104408,-1.0,multidia,clp,3,1,42,0.0015
2026-07-13,926.8699951171876,926.34106,926.2412,0.0067507455357253,0.7606945884013374,71.80986923737728,881.219970703125,934.6599731445312,3,0.0029722239006344,0.0194619277369259,930.5,2026-07-14,2026-07-10,-9.712525389008214e-05,-0.0005706680764013384,-0.0006784070263360547,0.0008207133604591009,0.7180986923737729,0.8542294597406712,920.6129316354526,924.47998046875,cierre_periodo,3,2026-07-16,933.1270585989228,926.34106,take_profit,2,2026-07-15,-1.0,5,0.010365225378104408,-1.0,multidia,clp,3,1,42,0.0015
2026-07-16,924.47998046875,926.0052,922.25336,0.0063750946384057,-0.3242507007386495,55.31668413655265,885.260009765625,934.6599731445312,1,-0.0057828778397664,0.0394747443276304,924.1300048828124,2026-07-17,2026-07-15,-0.0006163807584054832,0.0016498134772768094,-0.00240851128828227,-0.00035073847740244284,0.5531668413655265,0.7939271210041403,918.5863331019502,926.0052,take_profit,2,2026-07-20,930.3736278355498,930.0214211221307,trailing_stop,2,2026-07-20,-1.0,5,0.010365225378104408,-1.0,multidia,clp,3,1,42,0.0015
2026-07-21,933.780029296875,930.60345,934.2629,0.0063839056588976,-0.0762753244115153,61.842923159438925,885.260009765625,934.6599731445312,4,0.0126209837061465,0.0105887994291112,934.1699829101562,2026-07-22,2026-07-20,-0.0002141079920261808,-0.0034018496832353257,0.0005171139754279612,-8.16844674531642e-05,0.6184292315943892,0.9821873583001078,927.8188656836811,941.8900146484376,cierre_periodo,3,2026-07-24,939.741192910069,939.741192910069,stop_loss,3,2026-07-24,-1.0,5,0.010365225378104408,-1.0,multidia,clp,3,1,42,0.0015
2026-07-24,941.8900146484376,929.5558,929.99335,0.0060323262283515,0.5083094420486125,70.25989635162911,885.260009765625,941.8900146484376,2,-0.0228922484741691,0.0014294511624003,945.989990234375,2026-07-27,2026-07-23,0.0063371360189416635,-0.013095175080544206,-0.012630630395713563,0.0005396696367339026,0.7025989635162911,1.0,936.2082268088515,940.2834700045262,trailing_stop,2,2026-07-28,947.5718024880238,934.3800048828124,cierre_periodo,3,2026-07-29,-1.0,5,0.010365225378104408,-1.0,multidia,clp,3,1,42,0.0015
2026-07-29,934.3800048828124,930.68207,928.6196,0.0060575924578109,0.0914433542062642,49.72902722724013,885.260009765625,945.989990234375,5,-0.0026854447899488,-0.0290278183320044,934.9099731445312,2026-07-30,2026-07-28,-0.006039191214978974,-0.003957634863212017,-0.006164948792472128,9.786527293863999e-05,0.4972902722724013,0.8088261306532645,928.7199116125049,929.2466695424788,trailing_stop,2,2026-07-31,940.0400981531197,930.68207,take_profit,2,2026-07-31,0.0,5,0.010365225378104408,-1.0,multidia,clp,3,1,42,0.0015
2026-08-03,922.9500122070312,940.97943,936.5514,0.0062040220324361,-1.9690569772921984,42.84087160343787,885.260009765625,945.989990234375,3,-0.0013198401493381,0.0183543821974964,924.6599731445312,2026-08-04,2026-07-31,-0.002272701828822799,0.019534555018700696,0.014736862899480306,-0.002133438378297036,0.4284087160343787,0.62061608040201,917.2240099964616,918.9233622986308,trailing_stop,2,2026-08-05,928.676014417601,913.52001953125,cierre_periodo,3,2026-08-06,-1.0,5,0.010365225378104408,-1.0,multidia,clp,3,1,42,0.0015
2026-08-06,913.52001953125,916.9016,917.78186,0.0063617633444059,-3.4475807935800087,41.04033431880702,885.260009765625,945.989990234375,1,0.0126864042894861,0.0684625974890097,915.3800048828124,2026-08-07,2026-08-05,-0.0010284603802223553,0.0037017037354969014,0.004665295097678219,-0.003773952097239258,0.4104033431880702,0.4653386934673367,907.7084213566152,914.989990234375,cierre_periodo,3,2026-08-11,919.3316177058849,914.989990234375,cierre_periodo,3,2026-08-11,-1.0,5,0.010365225378104408,-1.0,multidia,clp,3,1,42,0.0015
2026-08-11,914.989990234375,914.5369,913.0295,0.0058858888988104,-3.1788967429693624,32.87495054501302,885.260009765625,945.989990234375,4,0.0036460606918222,0.0123580175989074,913.52001953125,2026-08-12,2026-08-10,0.0027250401244736143,-0.0004951860011703459,-0.002142635717657234,-0.0034742420976158297,0.3287495054501302,0.4895437185929648,909.6044608083319,914.0,cierre_periodo,3,2026-08-14,920.3755196604183,914.5369,take_profit,1,2026-08-12,-1.0,5,0.010365225378104408,-1.0,multidia,clp,3,1,42,0.0015
2026-08-14,914.0,914.4614,915.1209,0.0053611054969486,-2.2446818402702,15.460895695495168,885.260009765625,945.989990234375,2,-0.0006823476740331,-0.0141318365290646,913.0999755859376,2026-08-17,2026-08-13,-9.849280311039126e-05,0.0005048140043763961,0.0012263676148796564,-0.0024558882278667396,0.1546089569549517,0.47324221105527636,909.099949575789,914.4614,take_profit,2,2026-08-18,918.9000504242111,917.9952008843151,trailing_stop,3,2026-08-19,1.0,5,0.010365225378104408,-1.0,multidia,clp,3,1,42,0.0015
2026-08-19,922.9400024414062,919.16296,920.18256,0.0054475458016329,-0.7026946716028013,36.67335322993609,885.260009765625,945.989990234375,5,-0.0185692897212071,-0.0195855887002574,921.1599731445312,2026-08-20,2026-08-18,0.008869722899620954,-0.0040924030071456795,-0.0029876724750386384,-0.0007613654947710564,0.3667335322993609,0.6204512562814071,917.9122445059476,921.1300048828124,cierre_periodo,3,2026-08-24,927.967760376865,921.1300048828124,cierre_periodo,3,2026-08-24,0.0,5,0.010365225378104408,-1.0,multidia,clp,3,1,42,0.0015
2026-08-24,921.1300048828124,925.3397,920.52844,0.0050046606565826,0.3590869838118551,44.995803518122536,885.260009765625,945.989990234375,3,0.0183294610572777,-0.0030305296436349,912.1900024414062,2026-08-25,2026-08-21,-0.0012368609945475433,0.004570142211058657,-0.0006530727254822976,0.00038983312008986044,0.44995803518122535,0.5906472361809026,916.5200617877776,916.5200617877776,stop_loss,1,2026-08-25,925.7399479778471,916.7552038579527,trailing_stop,3,2026-08-27,-1.0,5,0.010365225378104408,-1.0,multidia,clp,3,1,42,0.0015
2026-08-27,919.219970703125,907.08716,906.3316,0.0055291769054573,-0.0339226481174488,55.02086106562238,885.260009765625,945.989990234375,1,-0.0172884299934216,0.0164932363728948,922.6699829101562,2026-08-28,2026-08-26,0.007041498978421301,-0.01319902862189166,-0.01402098639487403,-3.690373272841414e-05,0.5502086106562237,0.5591959798994975,914.1374408700782,934.030029296875,cierre_periodo,3,2026-09-01,924.3025005361718,924.3025005361718,stop_loss,2,2026-08-31,-1.0,5,0.010365225378104408,-1.0,multidia,clp,3,1,42,0.0015
2026-09-01,934.030029296875,907.65894,905.2571,0.0057038450789154,1.840573203189745,72.19207827681134,885.260009765625,945.989990234375,4,0.0047889323652282,-0.000833435338959,935.6400146484376,2026-09-02,2026-08-31,0.0027016531527280932,-0.028233663233211855,-0.03080514372598366,0.0019705717647807357,0.7219207827681134,0.8030633165829145,928.7024667107108,932.6400146484376,cierre_periodo,3,2026-09-04,939.357591883039,932.6400146484376,cierre_periodo,3,2026-09-04,-1.0,5,0.010365225378104408,-1.0,multidia,clp,3,1,42,0.0015
2026-09-04,932.6400146484376,938.2288,936.89185,0.0054266202128589,2.224278354246368,68.37158643042251,885.260009765625,945.989990234375,2,0.01162273570603,-0.0015181041759266,930.5599975585938,2026-09-07,2026-09-03,-0.00530410278019707,0.005992435734884354,0.004558924434702825,0.002384927002177597,0.6837158643042252,0.7801748743718612,927.5789314936254,928.8221482183593,trailing_stop,3,2026-09-09,937.7010978032499,924.4299926757812,cierre_periodo,3,2026-09-09,-1.0,5,0.010365225378104408,-1.0,multidia,clp,3,1,42,0.0015
